id,year,era,country,brand,campaign,agency,writer,director,genre,category,format,why,link
1,1975,1970s,India,Liril,Waterfall Girl,Hindustan Thompson Associates,,,Brand Film / TVC,Advertising,Film,One of India's defining lifestyle ads; sold freshness and freedom through visual theatre rather than product claims,https://www.youtube.com/results?search_query=Liril+Waterfall+Girl+Indian+advertisement
2,1976,1970s,India,Vicks,Vicks Ki Goli,Ambience,,,Brand Film / TVC,Advertising,Film,A mnemonic jingle that made a functional product culturally sticky,https://www.youtube.com/results?search_query=Vicks+Vicks+Ki+Goli+Indian+advertisement
3,1977,1970s,India,Cinthol,Alive Is Awesome / early Cinthol,Lowe/Contract era,,,Brand Film / TVC,Advertising,Film,Helped establish the Indian 'cool' lifestyle-ad grammar,https://www.youtube.com/results?search_query=Cinthol+Alive+Is+Awesome+%2F+early+Cinthol+Indian+advertisement
4,1978,1970s,India,Luna,Chal Meri Luna,Unknown,,,Brand Film / TVC,Advertising,Film,An unforgettable jingle and highly accessible mobility proposition,https://www.youtube.com/results?search_query=Luna+Chal+Meri+Luna+Indian+advertisement
5,1979,1970s,India,Amul,Amul topical advertising,DaCunha Communications,,,Brand Film / TVC,Advertising,Film,A uniquely Indian long-running format where topical wit became the brand,https://www.youtube.com/results?search_query=Amul+Amul+topical+advertising+Indian+advertisement
6,1980,1980s,India,Bournvita,Brought Up Right,Ogilvy / JWT era,,,Brand Film / TVC,Advertising,Film,A classic example of turning product category into parental aspiration,https://www.youtube.com/results?search_query=Bournvita+Brought+Up+Right+Indian+advertisement
7,1980,1980s,India,Nirma,Washing Powder Nirma,Purnima Advertising,,,Brand Film / TVC,Advertising,Film,A jingle + visual mnemonic combination that became mass cultural memory,https://www.youtube.com/results?search_query=Nirma+Washing+Powder+Nirma+Indian+advertisement
8,1981,1980s,India,Maggi,2 Minute Noodles,HTA/JWT,,,Brand Film / TVC,Advertising,Film,Made convenience a family ritual through a simple behavioural promise,https://www.youtube.com/results?search_query=Maggi+2+Minute+Noodles+Indian+advertisement
9,1981,1980s,India,Rasna,I Love You Rasna,Mudra Communications,,,Brand Film / TVC,Advertising,Film,Turned a simple drink concentrate into a child's emotional world,https://www.youtube.com/results?search_query=Rasna+I+Love+You+Rasna+Indian+advertisement
10,1981,1980s,India,Surf,Lalitaji price/value films,Lowe Lintas,,,Brand Film / TVC,Advertising,Film,Character as a strategic device rather than a one-off gag,https://www.youtube.com/results?search_query=Surf+Lalitaji+price%2Fvalue+films+Indian+advertisement
11,1982,1980s,India,Complan,I'm a Complan Boy / Girl,Chaitra Advertising,,,Brand Film / TVC,Advertising,Film,Made child nutrition aspirational and gave the category a memorable identity,https://www.youtube.com/results?search_query=Complan+I%27m+a+Complan+Boy+%2F+Girl+Indian+advertisement
12,1982,1980s,India,Onida,Neighbour's Envy Owner's Pride,Advertising Avenues,,,Brand Film / TVC,Advertising,Film,A category-defining mascot and positioning that made a TV brand distinctive,https://www.youtube.com/results?search_query=Onida+Neighbour%27s+Envy+Owner%27s+Pride+Indian+advertisement
13,1982,1980s,India,Pan Parag,Shammi Kapoor / Ashok Kumar wedding,Everest Advertising,,,Brand Film / TVC,Advertising,Film,Mass entertainment and social commentary in a category ad,https://www.youtube.com/results?search_query=Pan+Parag+Shammi+Kapoor+%2F+Ashok+Kumar+wedding+Indian+advertisement
14,1982,1980s,India,Prestige,Jo Biwi Se Kare Pyaar,MAA Communications,,,Brand Film / TVC,Advertising,Film,Used a memorable line to turn cookware into a relationship signal,https://www.youtube.com/results?search_query=Prestige+Jo+Biwi+Se+Kare+Pyaar+Indian+advertisement
15,1983,1980s,India,Hamara Bajaj,Early Bajaj identity films,Lowe Lintas,,,Brand Film / TVC,Advertising,Film,"Nation, mobility and product became one emotional territory",https://www.youtube.com/results?search_query=Hamara+Bajaj+Early+Bajaj+identity+films+Indian+advertisement
16,1983,1980s,India,NECC,Sunday Ho Ya Monday,Enterprise,,,Brand Film / TVC,Advertising,Film,A category-building public campaign with an exceptionally sticky mnemonic,https://www.youtube.com/results?search_query=NECC+Sunday+Ho+Ya+Monday+Indian+advertisement
17,1983,1980s,India,Taj Mahal Tea,Wah Taj,JWT,,,Brand Film / TVC,Advertising,Film,Indian cultural iconography + Zakir Hussain created premium distinctiveness,https://www.youtube.com/results?search_query=Taj+Mahal+Tea+Wah+Taj+Indian+advertisement
18,1984,1980s,India,Only Vimal,Only Vimal,Mudra Communications,,,Brand Film / TVC,Advertising,Film,Helped redefine Indian fabric advertising around aspiration and modernity,https://www.youtube.com/results?search_query=Only+Vimal+Only+Vimal+Indian+advertisement
19,1984,1980s,India,Surf,Lalitaji,Lowe Lintas,,,Brand Film / TVC,Advertising,Film,Character-led selling: a recognisable homemaker voice made price/value persuasive,https://www.youtube.com/results?search_query=Surf+Lalitaji+Indian+advertisement
20,1984,1980s,India,Tata Salt,Early Tata Salt work,Ogilvy / agencies,,,Brand Film / TVC,Advertising,Film,Trust and purity become a mass-market proposition,https://www.youtube.com/results?search_query=Tata+Salt+Early+Tata+Salt+work+Indian+advertisement
21,1985,1980s,India,Doordarshan,National integration spots,Doordarshan,,,Brand Film / TVC,Advertising,Film,Public communication that shaped a shared Indian visual culture,https://www.youtube.com/results?search_query=Doordarshan+National+integration+spots+Indian+advertisement
22,1985,1980s,India,Hot Shot,Hot Shot Camera,Sista's Advertising,,,Brand Film / TVC,Advertising,Film,Made product ease-of-use feel empowering and memorable,https://www.youtube.com/results?search_query=Hot+Shot+Hot+Shot+Camera+Indian+advertisement
23,1985,1980s,India,Lijjat Papad,Bunny / Lijjat Papad,Unknown,,,Brand Film / TVC,Advertising,Film,A tiny mascot became a national brand asset,https://www.youtube.com/results?search_query=Lijjat+Papad+Bunny+%2F+Lijjat+Papad+Indian+advertisement
24,1986,1980s,India,Charms,The Spirit of Freedom,Contract Advertising,Mohammad Khan,,Brand Film / TVC,Advertising,Film,Lifestyle positioning that gave a cigarette brand a strong youth identity,https://www.youtube.com/results?search_query=Charms+The+Spirit+of+Freedom+Indian+advertisement
25,1986,1980s,India,Gold Spot,The Zing Thing,Lowe Lintas / agencies,,,Brand Film / TVC,Advertising,Film,Youthful language and music helped define Indian soft-drink advertising,https://www.youtube.com/results?search_query=Gold+Spot+The+Zing+Thing+Indian+advertisement
26,1987,1980s,India,Garden Vareli,Saree campaigns,Ambience,,,Brand Film / TVC,Advertising,Film,Fashion advertising that became culturally recognisable,https://www.youtube.com/results?search_query=Garden+Vareli+Saree+campaigns+Indian+advertisement
27,1987,1980s,India,Thums Up,Taste The Thunder,Ogilvy India,,,Brand Film / TVC,Advertising,Film,A locally distinctive cola identity instead of copying Western Coke/Pepsi cues,https://www.youtube.com/results?search_query=Thums+Up+Taste+The+Thunder+Indian+advertisement
28,1988,1980s,India,Fevicol,Fevicol Ka Jod,Ogilvy India,Piyush Pandey team,,Brand Film / TVC,Advertising,Film,The beginning of one of India's greatest long-running brand platforms: benefit turned into humour,https://www.youtube.com/results?search_query=Fevicol+Fevicol+Ka+Jod+Indian+advertisement
29,1988,1980s,India,Mile Sur Mera Tumhara,Mile Sur Mera Tumhara,Doordarshan / Ogilvy,"Suresh Mullick, Piyush Pandey contribution",,Brand Film / TVC,Advertising,Film,A cultural communication landmark that made unity singable,https://www.youtube.com/results?search_query=Mile+Sur+Mera+Tumhara+Mile+Sur+Mera+Tumhara+Indian+advertisement
30,1988,1980s,India,Vicks,Khich Khich Door Karo,Ambience,,,Brand Film / TVC,Advertising,Film,Jingle-first advertising at its most memorable,https://www.youtube.com/results?search_query=Vicks+Khich+Khich+Door+Karo+Indian+advertisement
31,1989,1980s,India,Bajaj Auto,Hamara Bajaj,Lowe Lintas,Piyush Pandey,,Brand Film / TVC,Advertising,Film,"Turned a scooter into a symbol of Indian identity, belonging and aspiration",https://www.youtube.com/results?search_query=Bajaj+Auto+Hamara+Bajaj+Indian+advertisement
32,1989,1980s,India,Bajaj Auto,Hamara Bajaj - extended film,Lowe Lintas,,,Brand Film / TVC,Advertising,Film,An advertising film became a piece of popular Indian identity,https://www.youtube.com/results?search_query=Bajaj+Auto+Hamara+Bajaj+-+extended+film+Indian+advertisement
33,1989,1980s,India,Sundrop,Cartwheeling Kid,FCB Ulka,,,Brand Film / TVC,Advertising,Film,Used spectacle to establish sunflower oil in a dominated category,https://www.youtube.com/results?search_query=Sundrop+Cartwheeling+Kid+Indian+advertisement
34,1989,1980s,India,Thums Up,Taste The Thunder,Ogilvy India / Leo Burnett era,Various,,Brand Film / TVC,Advertising,Film,Built a distinctly Indian cola personality around action and masculinity,https://www.youtube.com/results?search_query=Thums+Up+Taste+The+Thunder+Indian+advertisement
35,1990,1990s,India,Eveready,Give Me Red,Rediffusion Y&R,,,Brand Film / TVC,Advertising,Film,A simple colour/energy platform that made batteries feel youthful,https://www.youtube.com/results?search_query=Eveready+Give+Me+Red+Indian+advertisement
36,1990,1990s,India,Raymond,The Complete Man,Nexus Equity,,,Brand Film / TVC,Advertising,Film,"Reframed masculinity around sensitivity, care and quiet confidence",https://www.youtube.com/results?search_query=Raymond+The+Complete+Man+Indian+advertisement
37,1990,1990s,India,Surf,Lalitaji - value series,Lowe Lintas,,,Brand Film / TVC,Advertising,Film,One character can carry an entire strategic proposition,https://www.youtube.com/results?search_query=Surf+Lalitaji+-+value+series+Indian+advertisement
38,1991,1990s,India,Kamasutra,Pooja Bedi / Marc Robinson,Lowe Lintas,,,Brand Film / TVC,Advertising,Film,Provocative category disruption that changed how condoms were advertised,https://www.youtube.com/results?search_query=Kamasutra+Pooja+Bedi+%2F+Marc+Robinson+Indian+advertisement
39,1991,1990s,India,Madhya Pradesh Tourism,MP Ajab Hai,Ogilvy / agencies,,,Brand Film / TVC,Advertising,Film,Destination advertising using poetry and place personality,https://www.youtube.com/results?search_query=Madhya+Pradesh+Tourism+MP+Ajab+Hai+Indian+advertisement
40,1992,1990s,India,Asian Paints,Mera Wala Pink / early family work,Ogilvy / Mudra era,,,Brand Film / TVC,Advertising,Film,Used colour and home emotion to make paint culturally relevant,https://www.youtube.com/results?search_query=Asian+Paints+Mera+Wala+Pink+%2F+early+family+work+Indian+advertisement
41,1992,1990s,India,Raymond,The Complete Man,Nexus Equity,,,Brand Film / TVC,Advertising,Film,An enduring positioning platform built around a social redefinition of masculinity,https://www.youtube.com/results?search_query=Raymond+The+Complete+Man+Indian+advertisement
42,1993,1990s,India,Cadbury Dairy Milk,Kuch Khaas Hai,Ogilvy India,Piyush Pandey / Shantanu Shorey,,Brand Film / TVC,Advertising,Film,Redefined chocolate from children's product to adult indulgence through pure joy,https://www.youtube.com/results?search_query=Cadbury+Dairy+Milk+Kuch+Khaas+Hai+Indian+advertisement
43,1993,1990s,India,Coke India,Always Coca-Cola India,McCann / agencies,,,Brand Film / TVC,Advertising,Film,Global brand platform adapted to local casting and culture,https://www.youtube.com/results?search_query=Coke+India+Always+Coca-Cola+India+Indian+advertisement
44,1993,1990s,India,Pepsi,Yeh Dil Maange More,JWT/Ogilvy era,Various,,Brand Film / TVC,Advertising,Film,A phrase became youth culture; celebrity + attitude created memorability,https://www.youtube.com/results?search_query=Pepsi+Yeh+Dil+Maange+More+Indian+advertisement
45,1994,1990s,India,Cadbury,Kuch Khaas Hai - cricket,Ogilvy India,Piyush Pandey,,Brand Film / TVC,Advertising,Film,One of the clearest examples of brand repositioning through emotion,https://www.youtube.com/results?search_query=Cadbury+Kuch+Khaas+Hai+-+cricket+Indian+advertisement
46,1994,1990s,India,Fevicol,Egg / Unbreakable Egg,Ogilvy India,Piyush Pandey team,,Brand Film / TVC,Advertising,Film,An absurd visual demonstration that communicates product benefit instantly,https://www.youtube.com/results?search_query=Fevicol+Egg+%2F+Unbreakable+Egg+Indian+advertisement
47,1994,1990s,India,Pepsi,Yehi Hai Right Choice Baby,JWT,,,Brand Film / TVC,Advertising,Film,Pop-culture casting and a sticky line made choice feel aspirational,https://www.youtube.com/results?search_query=Pepsi+Yehi+Hai+Right+Choice+Baby+Indian+advertisement
48,1995,1990s,India,Fevikwik,Chutki Mein Chipkaaye,Ogilvy India,Piyush Pandey team,,Brand Film / TVC,Advertising,Film,A product demo became a comic character story,https://www.youtube.com/results?search_query=Fevikwik+Chutki+Mein+Chipkaaye+Indian+advertisement
49,1995,1990s,India,Levi's India,Nothing's Official,Ogilvy / agencies,,,Brand Film / TVC,Advertising,Film,Fashion advertising that sold attitude rather than fabric,https://www.youtube.com/results?search_query=Levi%27s+India+Nothing%27s+Official+Indian+advertisement
50,1995,1990s,India,Tuff Shoes,Milind Soman / Madhu Sapre Python,Publicis Red Lion,,,Brand Film / TVC,Advertising,Film,Controversy and visual shock made a little-known brand impossible to ignore,https://www.youtube.com/results?search_query=Tuff+Shoes+Milind+Soman+%2F+Madhu+Sapre+Python+Indian+advertisement
51,1996,1990s,India,Dalda,Vanaspati legacy ads,HTA / agencies,,,Brand Film / TVC,Advertising,Film,Important Indian FMCG category advertising and mnemonic craft,https://www.youtube.com/results?search_query=Dalda+Vanaspati+legacy+ads+Indian+advertisement
52,1996,1990s,India,Dhara,Jalebi / Ramu Kaka,Mudra Communications,,,Brand Film / TVC,Advertising,Film,One of India's great emotional food ads: a simple human truth drives the product,https://www.youtube.com/results?search_query=Dhara+Jalebi+%2F+Ramu+Kaka+Indian+advertisement
53,1996,1990s,India,Hutch,You & I / early telecom,Ogilvy India,,,Brand Film / TVC,Advertising,Film,Moved telecom advertising away from technology and toward human connection,https://www.youtube.com/results?search_query=Hutch+You+%26+I+%2F+early+telecom+Indian+advertisement
54,1997,1990s,India,BPL,Believe in the Best,Ogilvy / agencies,,,Brand Film / TVC,Advertising,Film,Consumer electronics positioned through aspiration and trust,https://www.youtube.com/results?search_query=BPL+Believe+in+the+Best+Indian+advertisement
55,1997,1990s,India,Close-Up,Kya Aap Close-Up Karte Hain?,Ogilvy / Lowe era,,,Brand Film / TVC,Advertising,Film,Turned oral care into youthful romance and a social ritual,https://www.youtube.com/results?search_query=Close-Up+Kya+Aap+Close-Up+Karte+Hain%3F+Indian+advertisement
56,1997,1990s,India,Coca-Cola,Eat-Sleep-Drink / early India work,McCann / Ogilvy era,,,Brand Film / TVC,Advertising,Film,Helped localise a global brand through Indian cultural cues,https://www.youtube.com/results?search_query=Coca-Cola+Eat-Sleep-Drink+%2F+early+India+work+Indian+advertisement
57,1998,1990s,India,Cadbury,Pappu Pass Ho Gaya,Ogilvy India,,,Brand Film / TVC,Advertising,Film,A simple human moment expanded the brand's emotional territory,https://www.youtube.com/results?search_query=Cadbury+Pappu+Pass+Ho+Gaya+Indian+advertisement
58,1998,1990s,India,Fevicol,Bus,Ogilvy India,Piyush Pandey team,,Brand Film / TVC,Advertising,Film,A perfect exaggeration of strength: instantly understandable and inherently funny,https://www.youtube.com/results?search_query=Fevicol+Bus+Indian+advertisement
59,1998,1990s,India,Hero Honda,Desh Ki Dhadkan,Ogilvy / agencies,,,Brand Film / TVC,Advertising,Film,Motorcycle category linked to national aspiration,https://www.youtube.com/results?search_query=Hero+Honda+Desh+Ki+Dhadkan+Indian+advertisement
60,1999,1990s,India,Airtel,Connecting People / early Airtel,Rediffusion / Lowe era,,,Brand Film / TVC,Advertising,Film,Established telecom as a relationship category rather than infrastructure,https://www.youtube.com/results?search_query=Airtel+Connecting+People+%2F+early+Airtel+Indian+advertisement
61,1999,1990s,India,Bajaj Pulsar,Definitely Male,Ogilvy India,,,Brand Film / TVC,Advertising,Film,A positioning line that made a motorcycle a statement of masculinity,https://www.youtube.com/results?search_query=Bajaj+Pulsar+Definitely+Male+Indian+advertisement
62,1999,1990s,India,Pepsi,Mera Dil Bole / cricket era,JWT India,,,Brand Film / TVC,Advertising,Film,"Cricket, celebrity and vernacular made Pepsi feel native to Indian youth culture",https://www.youtube.com/results?search_query=Pepsi+Mera+Dil+Bole+%2F+cricket+era+Indian+advertisement
63,1999,1990s,India,Pepsi,Cricket celebrity films,JWT India,,,Brand Film / TVC,Advertising,Film,Celebrity + cricket became a scalable youth entertainment engine,https://www.youtube.com/results?search_query=Pepsi+Cricket+celebrity+films+Indian+advertisement
64,2000,2000s,India,Coca-Cola,Thanda Matlab Coca-Cola,Ogilvy India,Prasoon Pandey / Aamir Khan films,,Brand Film / TVC,Advertising,Film,Turned a generic Hindi word into a brand asset through cultural fluency,https://www.youtube.com/results?search_query=Coca-Cola+Thanda+Matlab+Coca-Cola+Indian+advertisement
65,2000,2000s,India,Fevicol,Bus / rural humour series,Ogilvy India,Piyush Pandey team,,Brand Film / TVC,Advertising,Film,Demonstration + absurdity became a repeatable brand language,https://www.youtube.com/results?search_query=Fevicol+Bus+%2F+rural+humour+series+Indian+advertisement
66,2000,2000s,India,Hutch,Wherever You Go,Ogilvy India,,,Brand Film / TVC,Advertising,Film,Telecom network quality made tangible through a companion character,https://www.youtube.com/results?search_query=Hutch+Wherever+You+Go+Indian+advertisement
67,2001,2000s,India,Airtel,Express Yourself,JWT / Rediffusion era,,,Brand Film / TVC,Advertising,Film,Music and human emotion made a telecom brand feel larger than its service,https://www.youtube.com/results?search_query=Airtel+Express+Yourself+Indian+advertisement
68,2001,2000s,India,Coke India,Thanda Matlab Coca-Cola,Ogilvy India,Prasoon Pandey,,Brand Film / TVC,Advertising,Film,Cultural language became a brand property,https://www.youtube.com/results?search_query=Coke+India+Thanda+Matlab+Coca-Cola+Indian+advertisement
69,2001,2000s,India,Pepsi,Mera Number Kab Aayega?,JWT India,,,Brand Film / TVC,Advertising,Film,A universally understood aspiration turned into a catchy cultural phrase,https://www.youtube.com/results?search_query=Pepsi+Mera+Number+Kab+Aayega%3F+Indian+advertisement
70,2002,2000s,India,Asian Paints,Har Ghar Kuch Kehta Hai,Ogilvy India,Piyush Pandey,,Brand Film / TVC,Advertising,Film,Shifted paint from functional category to stories about homes and people,https://www.youtube.com/results?search_query=Asian+Paints+Har+Ghar+Kuch+Kehta+Hai+Indian+advertisement
71,2002,2000s,India,Hutch,You and I in This Beautiful World,Ogilvy India,Piyush Pandey team,,Brand Film / TVC,Advertising,Film,Minimal narrative + dog + song made connection feel tangible,https://www.youtube.com/results?search_query=Hutch+You+and+I+in+This+Beautiful+World+Indian+advertisement
72,2002,2000s,India,Tata Tea,Jaago Re,Ogilvy India,,,Brand Film / TVC,Advertising,Film,Built a long-term social platform around awakening and citizenship,https://www.youtube.com/results?search_query=Tata+Tea+Jaago+Re+Indian+advertisement
73,2003,2000s,India,Hero Honda,Desh Ki Dhadkan,Ogilvy / agencies,,,Brand Film / TVC,Advertising,Film,Long-term brand positioning through a national metaphor,https://www.youtube.com/results?search_query=Hero+Honda+Desh+Ki+Dhadkan+Indian+advertisement
74,2003,2000s,India,Hutch,Pug / Wherever You Go,Ogilvy India,,,Brand Film / TVC,Advertising,Film,A dog became a mnemonic for network reliability and companionship,https://www.youtube.com/results?search_query=Hutch+Pug+%2F+Wherever+You+Go+Indian+advertisement
75,2003,2000s,India,Mentos,Dimag Ki Batti Jala De,Perfetti / agency teams,,,Brand Film / TVC,Advertising,Film,Product benefit became a comic behavioural transformation,https://www.youtube.com/results?search_query=Mentos+Dimag+Ki+Batti+Jala+De+Indian+advertisement
76,2004,2000s,India,Airtel,Friendship / youth campaigns,JWT India,,,Brand Film / TVC,Advertising,Film,Used music and friendship to humanise a telecom utility,https://www.youtube.com/results?search_query=Airtel+Friendship+%2F+youth+campaigns+Indian+advertisement
77,2004,2000s,India,Amul,Topical 4-decade archive picks,DaCunha Communications,,,Brand Film / TVC,Advertising,Film,The discipline of reacting to culture quickly while keeping one visual language,https://www.youtube.com/results?search_query=Amul+Topical+4-decade+archive+picks+Indian+advertisement
78,2004,2000s,India,Tata Tea,Jaago Re,Ogilvy India,,,Brand Film / TVC,Advertising,Film,Brand purpose before purpose became a buzzword,https://www.youtube.com/results?search_query=Tata+Tea+Jaago+Re+Indian+advertisement
79,2005,2000s,India,Happydent,Palace,Ogilvy India,Piyush Pandey team,,Brand Film / TVC,Advertising,Film,An extreme visual metaphor for the product promise; almost no explanation needed,https://www.youtube.com/results?search_query=Happydent+Palace+Indian+advertisement
80,2005,2000s,India,Hutch,Pug - Wherever You Go,Ogilvy India,,,Brand Film / TVC,Advertising,Film,Minimalism and a visual mnemonic created enormous recall,https://www.youtube.com/results?search_query=Hutch+Pug+-+Wherever+You+Go+Indian+advertisement
81,2005,2000s,India,Vodafone,You & I / Hutch transition,Ogilvy India,,,Brand Film / TVC,Advertising,Film,Showed how a brand can preserve emotional equity through a rebrand,https://www.youtube.com/results?search_query=Vodafone+You+%26+I+%2F+Hutch+transition+Indian+advertisement
82,2006,2000s,India,Airtel,Express Yourself,JWT India,,,Brand Film / TVC,Advertising,Film,Brand music became as important as brand logo,https://www.youtube.com/results?search_query=Airtel+Express+Yourself+Indian+advertisement
83,2006,2000s,India,Cadbury Dairy Milk,Kuch Meetha Ho Jaaye,Ogilvy India,,,Brand Film / TVC,Advertising,Film,Turned a product into a social ritual around celebration,https://www.youtube.com/results?search_query=Cadbury+Dairy+Milk+Kuch+Meetha+Ho+Jaaye+Indian+advertisement
84,2006,2000s,India,Vodafone,Pug series,Ogilvy India,,,Brand Film / TVC,Advertising,Film,One visual device carried an entire brand proposition,https://www.youtube.com/results?search_query=Vodafone+Pug+series+Indian+advertisement
85,2007,2000s,India,Airtel,Barriers,Rediffusion Y&R India,,,Brand Film / TVC,Advertising,Film,A simple human story used telecom infrastructure as an emotional enabler,https://www.youtube.com/results?search_query=Airtel+Barriers+Indian+advertisement
86,2007,2000s,India,Idea,What An Idea Sirji,Ogilvy India,,,Brand Film / TVC,Advertising,Film,Made network usefulness the source of entertainment,https://www.youtube.com/results?search_query=Idea+What+An+Idea+Sirji+Indian+advertisement
87,2008,2000s,India,Tata Tea,Jaago Re - election / citizen work,Ogilvy India,,,Brand Film / TVC,Advertising,Film,Brand purpose became participation rather than a product claim,https://www.youtube.com/results?search_query=Tata+Tea+Jaago+Re+-+election+%2F+citizen+work+Indian+advertisement
88,2008,2000s,India,Vodafone,ZooZoos,Ogilvy India,Prasoon Pandey / Ogilvy team,,Brand Film / TVC,Advertising,Film,Invented a visual language that was cheap-looking by design but massively memorable,https://www.youtube.com/results?search_query=Vodafone+ZooZoos+Indian+advertisement
89,2008,2000s,India,Vodafone,ZooZoos - services series,Ogilvy India,,,Brand Film / TVC,Advertising,Film,Character consistency + visual storytelling made functional features entertaining,https://www.youtube.com/results?search_query=Vodafone+ZooZoos+-+services+series+Indian+advertisement
90,2008,2000s,India,Vodafone,ZooZoo - cricket season,Ogilvy India,Prasoon Pandey,,Brand Film / TVC,Advertising,Film,Character design became the media asset,https://www.youtube.com/results?search_query=Vodafone+ZooZoo+-+cricket+season+Indian+advertisement
91,2009,2000s,India,Airtel,Dosti / music era,JWT India,,,Brand Film / TVC,Advertising,Film,"Music, emotion and social behaviour made the network invisible",https://www.youtube.com/results?search_query=Airtel+Dosti+%2F+music+era+Indian+advertisement
92,2009,2000s,India,Airtel,Dosti / network films,JWT India,,,Brand Film / TVC,Advertising,Film,Music and emotion made a functional network human,https://www.youtube.com/results?search_query=Airtel+Dosti+%2F+network+films+Indian+advertisement
93,2009,2000s,India,Google India,India-focused early search work,Ogilvy India,,,Brand Film / TVC,Advertising,Film,Started showing how a utility could become a human story,https://www.youtube.com/results?search_query=Google+India+India-focused+early+search+work+Indian+advertisement
94,2009,2000s,India,Vodafone,ZooZoo - full series,Ogilvy India,,,Brand Film / TVC,Advertising,Film,A collection of tiny films that built a single memorable world,https://www.youtube.com/results?search_query=Vodafone+ZooZoo+-+full+series+Indian+advertisement
95,2010,2010s,India,Airtel,Har Ek Friend Zaroori Hota Hai,JWT India,,,Brand Film / TVC,Advertising,Film,A category truth became a social truth and a song people repeated,https://www.youtube.com/results?search_query=Airtel+Har+Ek+Friend+Zaroori+Hota+Hai+Indian+advertisement
96,2010,2010s,India,Idea,Walk When You Talk,Ogilvy India,,,Brand Film / TVC,Advertising,Film,A behavioural insight turned into a memorable visual demonstration,https://www.youtube.com/results?search_query=Idea+Walk+When+You+Talk+Indian+advertisement
97,2011,2010s,India,Google India,Reunion,Ogilvy India,Amit Sharma,,Brand Film / TVC,Advertising,Film,Technology disappears into a deeply human Partition reunion story,https://www.youtube.com/results?search_query=Google+India+Reunion+Indian+advertisement
98,2011,2010s,India,Google India,Helping Women Get Back to Work,Ogilvy India,,,Brand Film / TVC,Advertising,Film,Search functionality becomes a story about opportunity,https://www.youtube.com/results?search_query=Google+India+Helping+Women+Get+Back+to+Work+Indian+advertisement
99,2012,2010s,India,Dove,Real Beauty Sketches,Ogilvy Brazil / India visibility,,,Brand Film / TVC,Advertising,Film,A global platform that changed the language of beauty advertising,https://www.youtube.com/results?search_query=Dove+Real+Beauty+Sketches+Indian+advertisement
100,2012,2010s,India,Dove,Real Beauty / India work,Ogilvy,,,Brand Film / TVC,Advertising,Film,Brand purpose rooted in a human tension,https://www.youtube.com/results?search_query=Dove+Real+Beauty+%2F+India+work+Indian+advertisement
101,2012,2010s,India,Tanishq,Remarriage,Ogilvy India,,,Brand Film / TVC,Advertising,Film,Progressive social insight integrated naturally into a jewellery story,https://www.youtube.com/results?search_query=Tanishq+Remarriage+Indian+advertisement
102,2013,2010s,India,Ariel,Share The Load,BBDO India,Sandeep Goyal / BBDO team,,Brand Film / TVC,Advertising,Film,Turned a household product into a cultural conversation about gender,https://www.youtube.com/results?search_query=Ariel+Share+The+Load+Indian+advertisement
103,2013,2010s,India,Google India,Reunion,Ogilvy India,Amit Sharma,,Brand Film / TVC,Advertising,Film,A masterclass in integrating product utility without making it feel like a demo,https://www.youtube.com/results?search_query=Google+India+Reunion+Indian+advertisement
104,2014,2010s,India,Happydent,Palace / Smile Strong,Ogilvy India,,,Brand Film / TVC,Advertising,Film,Shows how a single product truth can support surreal world-building,https://www.youtube.com/results?search_query=Happydent+Palace+%2F+Smile+Strong+Indian+advertisement
105,2014,2010s,India,Tanishq,Ekatvam,Ogilvy India,,,Brand Film / TVC,Advertising,Film,Cultural diversity became the creative idea rather than decoration,https://www.youtube.com/results?search_query=Tanishq+Ekatvam+Indian+advertisement
106,2015,2010s,India,Ariel,Share The Load,BBDO India,,,Brand Film / TVC,Advertising,Film,A product category became a platform for challenging domestic roles,https://www.youtube.com/results?search_query=Ariel+Share+The+Load+Indian+advertisement
107,2015,2010s,India,Surf Excel,Daag Acche Hain - Holi / friendship,Ogilvy India,,,Brand Film / TVC,Advertising,Film,"Product category is reframed around childhood, mess and moral choice",https://www.youtube.com/results?search_query=Surf+Excel+Daag+Acche+Hain+-+Holi+%2F+friendship+Indian+advertisement
108,2015,2010s,India,Surf Excel,Daag Acche Hain,Ogilvy India,,,Brand Film / TVC,Advertising,Film,Long-running platform where product truth and moral truth reinforce each other,https://www.youtube.com/results?search_query=Surf+Excel+Daag+Acche+Hain+Indian+advertisement
109,2016,2010s,India,CRED,Early brand voice / financial humour,DDB / in-house era,,,Brand Film / TVC,Advertising,Film,Early examples of fintech-adjacent brands using culture rather than feature lists,https://www.youtube.com/results?search_query=CRED+Early+brand+voice+%2F+financial+humour+Indian+advertisement
110,2016,2010s,India,Tanishq,Marriage / progressive India work,Ogilvy India,,,Brand Film / TVC,Advertising,Film,Luxury positioning through culturally nuanced storytelling,https://www.youtube.com/results?search_query=Tanishq+Marriage+%2F+progressive+India+work+Indian+advertisement
111,2016,2010s,India,Vicks,Touch of Care,Publicis / Grey era,,,Brand Film / TVC,Advertising,Film,Healthcare product became a human story about family and acceptance,https://www.youtube.com/results?search_query=Vicks+Touch+of+Care+Indian+advertisement
112,2017,2010s,India,Ariel,Share The Load - Dads,BBDO India,,,Brand Film / TVC,Advertising,Film,The father perspective made an old platform feel newly personal,https://www.youtube.com/results?search_query=Ariel+Share+The+Load+-+Dads+Indian+advertisement
113,2017,2010s,India,Google India,#LookBeforeYouLeave,Ogilvy India,,,Brand Film / TVC,Advertising,Film,A public-safety behaviour is made memorable through everyday insight,https://www.youtube.com/results?search_query=Google+India+%23LookBeforeYouLeave+Indian+advertisement
114,2018,2010s,India,CRED,Members Only / early work,In-house / agencies,,,Brand Film / TVC,Advertising,Film,Began building a distinct premium-fintech advertising tone,https://www.youtube.com/results?search_query=CRED+Members+Only+%2F+early+work+Indian+advertisement
115,2018,2010s,India,Swiggy,No Order Too Small,Dentsu / Swiggy teams,,,Brand Film / TVC,Advertising,Film,Made a delivery promise into a consumer truth,https://www.youtube.com/results?search_query=Swiggy+No+Order+Too+Small+Indian+advertisement
116,2018,2010s,India,Zomato,Feeding India / brand films,In-house / agencies,,,Brand Film / TVC,Advertising,Film,Food delivery brand expands from transaction to cultural role,https://www.youtube.com/results?search_query=Zomato+Feeding+India+%2F+brand+films+Indian+advertisement
117,2019,2010s,India,Ariel,Share The Load - Dad,BBDO India,,,Brand Film / TVC,Advertising,Film,A familiar platform gets renewed through a fresh character,https://www.youtube.com/results?search_query=Ariel+Share+The+Load+-+Dad+Indian+advertisement
118,2019,2010s,India,Google India,Year in Search India,Ogilvy India,,,Brand Film / TVC,Advertising,Film,Turns search data into a mirror of the country's emotional year,https://www.youtube.com/results?search_query=Google+India+Year+in+Search+India+Indian+advertisement
119,2019,2010s,India,Google India,Year in Search,Ogilvy India,,,Brand Film / TVC,Advertising,Film,Search data turned into cultural storytelling,https://www.youtube.com/results?search_query=Google+India+Year+in+Search+Indian+advertisement
120,2019,2010s,India,Surf Excel,Holi / stain friendship,Ogilvy India,,,Brand Film / TVC,Advertising,Film,Cultural relevance + product truth created massive conversation,https://www.youtube.com/results?search_query=Surf+Excel+Holi+%2F+stain+friendship+Indian+advertisement
121,2019,2010s,India,Tanishq,Ekatvam / modern India,Ogilvy India,,,Brand Film / TVC,Advertising,Film,Brand values are communicated through casting and story rather than slogans,https://www.youtube.com/results?search_query=Tanishq+Ekatvam+%2F+modern+India+Indian+advertisement
122,2020,2020s,India,CRED,Indiranagar / Rahul Dravid,DDB Mudra / CRED,Raghu Bhat / team,,Brand Film / TVC,Advertising,Film,A bizarre celebrity transformation became an instantly shareable cultural event,https://www.youtube.com/results?search_query=CRED+Indiranagar+%2F+Rahul+Dravid+Indian+advertisement
123,2020,2020s,India,CRED,Jackie Shroff,DDB Mudra / CRED,,,Brand Film / TVC,Advertising,Film,Celebrity casting used for absurdity rather than endorsement,https://www.youtube.com/results?search_query=CRED+Jackie+Shroff+Indian+advertisement
124,2020,2020s,India,CRED,Rahul Dravid - Indiranagar,DDB Mudra,Raghu Bhat / team,,Brand Film / TVC,Advertising,Film,A celebrity's public persona is inverted to create the joke,https://www.youtube.com/results?search_query=CRED+Rahul+Dravid+-+Indiranagar+Indian+advertisement
125,2021,2020s,India,CRED,Bappi Lahiri / CRED campaigns,DDB Mudra / CRED,,,Brand Film / TVC,Advertising,Film,Turned premium fintech advertising into entertainment,https://www.youtube.com/results?search_query=CRED+Bappi+Lahiri+%2F+CRED+campaigns+Indian+advertisement
126,2021,2020s,India,CRED,Bappi Lahiri,DDB Mudra,,,Brand Film / TVC,Advertising,Film,Celebrity + absurdity + fintech category contrast,https://www.youtube.com/results?search_query=CRED+Bappi+Lahiri+Indian+advertisement
127,2021,2020s,India,Swiggy,No Order Too Small / brand work,Dentsu / Swiggy,,,Brand Film / TVC,Advertising,Film,Sharp product truth expressed through tiny human moments,https://www.youtube.com/results?search_query=Swiggy+No+Order+Too+Small+%2F+brand+work+Indian+advertisement
128,2021,2020s,India,Tinder India,You Up?,Ogilvy India,,,Brand Film / TVC,Advertising,Film,Modern dating language turned into a culturally recognisable brand voice,https://www.youtube.com/results?search_query=Tinder+India+You+Up%3F+Indian+advertisement
129,2021,2020s,India,Zomato,Har Customer Hai Star,Leo Burnett / Zomato,,,Brand Film / TVC,Advertising,Film,Reframed delivery workers and customers as characters in the brand world,https://www.youtube.com/results?search_query=Zomato+Har+Customer+Hai+Star+Indian+advertisement
130,2021,2020s,India,Zomato,Delivery partners / social campaigns,Leo Burnett / Zomato,,,Brand Film / TVC,Advertising,Film,Simple human storytelling around an everyday service,https://www.youtube.com/results?search_query=Zomato+Delivery+partners+%2F+social+campaigns+Indian+advertisement
131,2022,2020s,India,CRED,Great for Good,DDB Mudra / CRED,,,Brand Film / TVC,Advertising,Film,The brand made its own world and casting style the creative asset,https://www.youtube.com/results?search_query=CRED+Great+for+Good+Indian+advertisement
132,2022,2020s,India,Cadbury,Not Just A Cadbury Ad,Ogilvy India,,,Brand Film / TVC,Advertising,Film,Creator culture used to turn real moments into brand stories,https://www.youtube.com/results?search_query=Cadbury+Not+Just+A+Cadbury+Ad+Indian+advertisement
133,2022,2020s,India,Cadbury Dairy Milk,Not Just A Cadbury Ad,Ogilvy India,,,Brand Film / TVC,Advertising,Film,Uses creator culture and real moments to blur advertising and content,https://www.youtube.com/results?search_query=Cadbury+Dairy+Milk+Not+Just+A+Cadbury+Ad+Indian+advertisement
134,2022,2020s,India,Fevicol,Dum Laga Ke Haisha / modern Fevicol,Ogilvy India,,,Brand Film / TVC,Advertising,Film,Shows how a decades-old brand platform can keep finding new product demonstrations,https://www.youtube.com/results?search_query=Fevicol+Dum+Laga+Ke+Haisha+%2F+modern+Fevicol+Indian+advertisement
135,2022,2020s,India,Fevicol,Modern Fevicol humour,Ogilvy India,,,Brand Film / TVC,Advertising,Film,A 30-year platform still finds new product demonstrations,https://www.youtube.com/results?search_query=Fevicol+Modern+Fevicol+humour+Indian+advertisement
136,2022,2020s,India,Myntra,Stylish Star / fashion campaigns,FCB / in-house,,,Brand Film / TVC,Advertising,Film,Demonstrates how platform brands use entertainment as the media,https://www.youtube.com/results?search_query=Myntra+Stylish+Star+%2F+fashion+campaigns+Indian+advertisement
137,2023,2020s,India,CRED,CRED Garage / celebrity universe,DDB Mudra / CRED,,,Brand Film / TVC,Advertising,Film,A consistent comedic universe gives every new campaign an advantage,https://www.youtube.com/results?search_query=CRED+CRED+Garage+%2F+celebrity+universe+Indian+advertisement
138,2023,2020s,India,Swiggy,Voice of Hunger / social-first work,Dentsu / Swiggy,,,Brand Film / TVC,Advertising,Film,Digital behaviour becomes the creative medium,https://www.youtube.com/results?search_query=Swiggy+Voice+of+Hunger+%2F+social-first+work+Indian+advertisement
139,2023,2020s,India,Tinder,India youth campaigns,Ogilvy India,,,Brand Film / TVC,Advertising,Film,Language feels native to the audience instead of 'advertising',https://www.youtube.com/results?search_query=Tinder+India+youth+campaigns+Indian+advertisement
140,2023,2020s,India,Tinder India,Dating Unlocked / youth work,Ogilvy India,,,Brand Film / TVC,Advertising,Film,Contemporary language and insight rather than traditional romantic tropes,https://www.youtube.com/results?search_query=Tinder+India+Dating+Unlocked+%2F+youth+work+Indian+advertisement
141,2023,2020s,India,Zomato,Intercity / brand films,Leo Burnett / Zomato,,,Brand Film / TVC,Advertising,Film,Turns a functional feature into a travel and food story,https://www.youtube.com/results?search_query=Zomato+Intercity+%2F+brand+films+Indian+advertisement
142,2024,2020s,India,Fevicol,Current humour films,Ogilvy India,,,Brand Film / TVC,Advertising,Film,Long-running brand platform still converts product strength into comedy,https://www.youtube.com/results?search_query=Fevicol+Current+humour+films+Indian+advertisement
143,2024,2020s,India,Google India,Year in Search 2024,Ogilvy India,,,Brand Film / TVC,Advertising,Film,Data becomes a cultural storytelling device,https://www.youtube.com/results?search_query=Google+India+Year+in+Search+2024+Indian+advertisement
144,2024,2020s,India,Google India,Year in Search,Ogilvy India,,,Brand Film / TVC,Advertising,Film,A recurring format that makes data emotional,https://www.youtube.com/results?search_query=Google+India+Year+in+Search+Indian+advertisement
145,2024,2020s,India,Tanishq,Wedding / modern India work,Ogilvy India,,,Brand Film / TVC,Advertising,Film,Shows how heritage brands stay contemporary through nuanced casting,https://www.youtube.com/results?search_query=Tanishq+Wedding+%2F+modern+India+work+Indian+advertisement
146,2025,2020s,India,CRED,Recent celebrity campaigns,DDB Mudra / CRED,,,Brand Film / TVC,Advertising,Film,Modern Indian advertising where casting itself becomes the idea,https://www.youtube.com/results?search_query=CRED+Recent+celebrity+campaigns+Indian+advertisement
147,2025,2020s,India,Fevicol,Modern platform films,Ogilvy India,,,Brand Film / TVC,Advertising,Film,Proof of how a simple strategic idea can survive decades,https://www.youtube.com/results?search_query=Fevicol+Modern+platform+films+Indian+advertisement
148,2025,2020s,India,Tinder India,Contemporary India campaigns,Ogilvy India,,,Brand Film / TVC,Advertising,Film,Sharp cultural writing for a modern dating audience,https://www.youtube.com/results?search_query=Tinder+India+Contemporary+India+campaigns+Indian+advertisement
149,2026,2020s,India,Tinder India,You Up?,Ogilvy India,,,Brand Film / TVC,Advertising,Film,"A current example of concise, culturally fluent dating-brand communication",https://www.youtube.com/results?search_query=Tinder+India+You+Up%3F+Indian+advertisement
150,1971,1970s,USA,Coca-Cola,Hilltop / I'd Like to Buy the World a Coke,McCann Erickson,Bill Backer,Harvey Gabor,Brand Film / TVC,Advertising,Film,"A strong example of USA advertising craft, showing how a clear idea can make a brand memorable",https://www.youtube.com/results?search_query=Coca+Cola+Hilltop+I+d+Like+to+Buy+the+World+a+Coke+commercial
151,1973,1970s,USA,Avis,We Try Harder,Doyle Dane Bernbach,Bill Bernbach,,Brand Film / TVC,Advertising,Film,"A strong example of USA advertising craft, showing how a clear idea can make a brand memorable",https://www.youtube.com/results?search_query=Avis+We+Try+Harder+commercial
152,1974,1970s,USA,Miller Lite,"Tastes Great, Less Filling",McCann Erickson,,,Brand Film / TVC,Advertising,Film,"A strong example of USA advertising craft, showing how a clear idea can make a brand memorable",https://www.youtube.com/results?search_query=Miller+Lite+Tastes+Great+Less+Filling+commercial
153,1975,1970s,UK,Heinz,Beanz Meanz Heinz,Young & Rubicam,Tony Brignull,,Brand Film / TVC,Advertising,Film,"A strong example of UK advertising craft, showing how a clear idea can make a brand memorable",https://www.youtube.com/results?search_query=Heinz+Beanz+Meanz+Heinz+commercial
154,1975,1970s,USA,Alka-Seltzer,I Can't Believe I Ate the Whole Thing,Jack Tinker & Partners,Howard Zieff,,Brand Film / TVC,Advertising,Film,"A strong example of USA advertising craft, showing how a clear idea can make a brand memorable",https://www.youtube.com/results?search_query=Alka+Seltzer+I+Can+t+Believe+I+Ate+the+Whole+Thing+commercial
155,1977,1970s,UK,British Airways,The World's Favourite Airline,Saatchi & Saatchi,,,Brand Film / TVC,Advertising,Film,"A strong example of UK advertising craft, showing how a clear idea can make a brand memorable",https://www.youtube.com/results?search_query=British+Airways+The+World+s+Favourite+Airline+commercial
156,1978,1970s,USA,Pepsi,Pepsi Challenge,BBDO,,,Brand Film / TVC,Advertising,Film,"A strong example of USA advertising craft, showing how a clear idea can make a brand memorable",https://www.youtube.com/results?search_query=Pepsi+Pepsi+Challenge+commercial
157,1979,1970s,UK,Guinness,Surfer,AMV BBDO,John Webster,Jonathan Glazer,Brand Film / TVC,Advertising,Film,"A strong example of UK advertising craft, showing how a clear idea can make a brand memorable",https://www.youtube.com/results?search_query=Guinness+Surfer+commercial
158,1980,1980s,USA,FedEx,Fast Talker,Needham Harper Steers,,,Brand Film / TVC,Advertising,Film,"A strong example of USA advertising craft, showing how a clear idea can make a brand memorable",https://www.youtube.com/results?search_query=FedEx+Fast+Talker+commercial
159,1981,1980s,USA,Apple,1984,Chiat\Day,Steve Hayden,Ridley Scott,Brand Film / TVC,Advertising,Film,A landmark example of turning a product launch into a piece of cultural theatre,https://www.youtube.com/results?search_query=Apple+1984+commercial
160,1982,1980s,USA,Energizer,Energizer Bunny,Doyle Dane Bernbach,,,Humour,Advertising,Film,"A strong example of USA advertising craft, showing how a clear idea can make a brand memorable",https://www.youtube.com/results?search_query=Energizer+Energizer+Bunny+commercial
161,1982,1980s,UK,Cadbury,Flake / Only the crumbliest,Ogilvy,David Abbott,,Brand Film / TVC,Advertising,Film,"A strong example of UK advertising craft, showing how a clear idea can make a brand memorable",https://www.youtube.com/results?search_query=Cadbury+Flake+Only+the+crumbliest+commercial
162,1983,1980s,USA,Wendy's,Where's the Beef?,Dancer Fitzgerald Sample,Ruth Brown,,Brand Film / TVC,Advertising,Film,"A strong example of USA advertising craft, showing how a clear idea can make a brand memorable",https://www.youtube.com/results?search_query=Wendy+s+Where+s+the+Beef+commercial
163,1984,1980s,USA,Burger King,Where's Herb?,J. Walter Thompson,,,Brand Film / TVC,Advertising,Film,"A strong example of USA advertising craft, showing how a clear idea can make a brand memorable",https://www.youtube.com/results?search_query=Burger+King+Where+s+Herb+commercial
164,1984,1980s,USA,Wheaties,Breakfast of Champions,BBDO,,,Brand Film / TVC,Advertising,Film,"A strong example of USA advertising craft, showing how a clear idea can make a brand memorable",https://www.youtube.com/results?search_query=Wheaties+Breakfast+of+Champions+commercial
165,1985,1980s,UK,Levi's,Launderette,Bartle Bogle Hegarty,Paul Arden,Roger Lyons,Brand Film / TVC,Advertising,Film,"A strong example of UK advertising craft, showing how a clear idea can make a brand memorable",https://www.youtube.com/results?search_query=Levi+s+Launderette+commercial
166,1985,1980s,USA,McDonald's,Mac Tonight,Needham Harper Steers,Billy Davis,,Brand Film / TVC,Advertising,Film,"A strong example of USA advertising craft, showing how a clear idea can make a brand memorable",https://www.youtube.com/results?search_query=McDonald+s+Mac+Tonight+commercial
167,1986,1980s,USA,California Milk Processor Board,Got Milk?,Goodby Silverstein & Partners,Jeff Goodby,Michael Bay,Brand Film / TVC,Advertising,Film,"A strong example of USA advertising craft, showing how a clear idea can make a brand memorable",https://www.youtube.com/results?search_query=California+Milk+Processor+Board+Got+Milk+commercial
168,1987,1980s,UK,Guinness,Draught Guinness / Anticipation,AMV BBDO,John Webster,,Brand Film / TVC,Advertising,Film,"A strong example of UK advertising craft, showing how a clear idea can make a brand memorable",https://www.youtube.com/results?search_query=Guinness+Draught+Guinness+Anticipation+commercial
169,1987,1980s,USA,Nike,Revolution,Wieden+Kennedy,Jim Riswold,Joe Pytka,Sport,Advertising,Film,"A strong example of USA advertising craft, showing how a clear idea can make a brand memorable",https://www.youtube.com/results?search_query=Nike+Revolution+commercial
170,1988,1980s,USA,Nike,Bo Knows,Wieden+Kennedy,Jim Riswold,Joe Pytka,Sport,Advertising,Film,"A strong example of USA advertising craft, showing how a clear idea can make a brand memorable",https://www.youtube.com/results?search_query=Nike+Bo+Knows+commercial
171,1989,1980s,UK,Levi's,Launderette / Levi's 501,Bartle Bogle Hegarty,Paul Arden,Roger Lyons,Brand Film / TVC,Advertising,Film,"A strong example of UK advertising craft, showing how a clear idea can make a brand memorable",https://www.youtube.com/results?search_query=Levi+s+Launderette+Levi+s+501+commercial
172,1989,1980s,USA,United Airlines,Rising,Leo Burnett,,,Brand Film / TVC,Advertising,Film,"A strong example of USA advertising craft, showing how a clear idea can make a brand memorable",https://www.youtube.com/results?search_query=United+Airlines+Rising+commercial
173,1989,1980s,USA,Pepsi,The Choice of a New Generation,BBDO,,,Brand Film / TVC,Advertising,Film,"A strong example of USA advertising craft, showing how a clear idea can make a brand memorable",https://www.youtube.com/results?search_query=Pepsi+The+Choice+of+a+New+Generation+commercial
174,1990,1990s,UK,Heineken,The Water in Majorca Doesn't Taste Like Heineken,Lowe Howard-Spink,,,Brand Film / TVC,Advertising,Film,"A strong example of UK advertising craft, showing how a clear idea can make a brand memorable",https://www.youtube.com/results?search_query=Heineken+The+Water+in+Majorca+Doesn+t+Taste+Like+Heineken+commercial
175,1990,1990s,USA,Nike,Hare Jordan,Wieden+Kennedy,Jim Riswold,Joe Pytka,Sport,Advertising,Film,"A strong example of USA advertising craft, showing how a clear idea can make a brand memorable",https://www.youtube.com/results?search_query=Nike+Hare+Jordan+commercial
176,1991,1990s,UK,Carlsberg,Probably the Best Beer in the World,Saatchi & Saatchi,,,Brand Film / TVC,Advertising,Film,"A strong example of UK advertising craft, showing how a clear idea can make a brand memorable",https://www.youtube.com/results?search_query=Carlsberg+Probably+the+Best+Beer+in+the+World+commercial
177,1991,1990s,USA,Gatorade,Be Like Mike,Foot Cone & Belding,Mike Davis,,Sport,Advertising,Film,"A strong example of USA advertising craft, showing how a clear idea can make a brand memorable",https://www.youtube.com/results?search_query=Gatorade+Be+Like+Mike+commercial
178,1992,1990s,USA,Nike,I Am Not a Role Model,Wieden+Kennedy,Jim Riswold,Peter Nydrle,Sport,Advertising,Film,"A strong example of USA advertising craft, showing how a clear idea can make a brand memorable",https://www.youtube.com/results?search_query=Nike+I+Am+Not+a+Role+Model+commercial
179,1992,1990s,UK,Levi's,Swimmer,Bartle Bogle Hegarty,Paul Arden,Jonathan Glazer,Brand Film / TVC,Advertising,Film,"A strong example of UK advertising craft, showing how a clear idea can make a brand memorable",https://www.youtube.com/results?search_query=Levi+s+Swimmer+commercial
180,1993,1990s,UK,Cadbury,Drumming Gorilla / later Gorilla,Fallon,Richard Flintham,,Humour,Advertising,Film,A product category ad that became famous by committing completely to an unexpected idea,https://www.youtube.com/results?search_query=Cadbury+Drumming+Gorilla+later+Gorilla+commercial
181,1993,1990s,USA,Budweiser,Frogs,DDB Chicago,,,Brand Film / TVC,Advertising,Film,"A strong example of USA advertising craft, showing how a clear idea can make a brand memorable",https://www.youtube.com/results?search_query=Budweiser+Frogs+commercial
182,1994,1990s,UK,Guinness,NoitulovE,AMV BBDO,John Webster,Daniel Kleinman,Emotional,Advertising,Film,"A strong example of UK advertising craft, showing how a clear idea can make a brand memorable",https://www.youtube.com/results?search_query=Guinness+NoitulovE+commercial
183,1994,1990s,USA,Got Milk?,Aaron Burr,Goodby Silverstein & Partners,Jeff Goodby,,Brand Film / TVC,Advertising,Film,"A strong example of USA advertising craft, showing how a clear idea can make a brand memorable",https://www.youtube.com/results?search_query=Got+Milk+Aaron+Burr+commercial
184,1995,1990s,USA,Mastercard,Priceless,McCann Erickson,Jonathan Rosen,Walter Robinson,Brand Film / TVC,Advertising,Film,A powerful demonstration of how a simple creative device can become a long-running brand property,https://www.youtube.com/results?search_query=Mastercard+Priceless+commercial
185,1995,1990s,UK,Guinness,Anticipation / Black and White,AMV BBDO,,,Brand Film / TVC,Advertising,Film,"A strong example of UK advertising craft, showing how a clear idea can make a brand memorable",https://www.youtube.com/results?search_query=Guinness+Anticipation+Black+and+White+commercial
186,1995,1990s,USA,Nike,If You Let Me Play,Wieden+Kennedy,,,Sport,Advertising,Film,"A strong example of USA advertising craft, showing how a clear idea can make a brand memorable",https://www.youtube.com/results?search_query=Nike+If+You+Let+Me+Play+commercial
187,1996,1990s,USA,Apple,Think Different,TBWA\Chiat\Day,Craig Tanimoto,Joe Pytka,Brand Film / TVC,Advertising,Film,"A strong example of USA advertising craft, showing how a clear idea can make a brand memorable",https://www.youtube.com/results?search_query=Apple+Think+Different+commercial
188,1996,1990s,UK,Levi's,Drugstore,Bartle Bogle Hegarty,Paul Arden,Michel Gondry,Brand Film / TVC,Advertising,Film,"A strong example of UK advertising craft, showing how a clear idea can make a brand memorable",https://www.youtube.com/results?search_query=Levi+s+Drugstore+commercial
189,1996,1990s,UK,Honda,Cog,Wieden+Kennedy,Ronald Ng,Antoine Bardou-Jacquet,Product Demo / Craft,Advertising,Film,"A strong example of UK advertising craft, showing how a clear idea can make a brand memorable",https://www.youtube.com/results?search_query=Honda+Cog+commercial
190,1997,1990s,USA,Budweiser,Wassup?,DDB Chicago,Vinny Warren,Charles Stone III,Humour,Advertising,Film,A repeatable cultural line that became a social ritual and made the brand part of everyday language,https://www.youtube.com/results?search_query=Budweiser+Wassup+commercial
191,1998,1990s,UK,Sony Bravia,Balls,Fallon,,,Product Demo / Craft,Advertising,Film,"A strong example of UK advertising craft, showing how a clear idea can make a brand memorable",https://www.youtube.com/results?search_query=Sony+Bravia+Balls+commercial
192,1998,1990s,USA,Nike,The Morning After,Wieden+Kennedy,,,Sport,Advertising,Film,"A strong example of USA advertising craft, showing how a clear idea can make a brand memorable",https://www.youtube.com/results?search_query=Nike+The+Morning+After+commercial
193,1999,1990s,UK,Honda,The Cog,Wieden+Kennedy,Ronald Ng,Antoine Bardou-Jacquet,Product Demo / Craft,Advertising,Film,"A strong example of UK advertising craft, showing how a clear idea can make a brand memorable",https://www.youtube.com/results?search_query=Honda+The+Cog+commercial
194,1999,1990s,USA,Reebok,"Terry Tate, Office Linebacker",Arnold Worldwide,Pete Sorrentino,Trey Parker,Brand Film / TVC,Advertising,Film,"A strong example of USA advertising craft, showing how a clear idea can make a brand memorable",https://www.youtube.com/results?search_query=Reebok+Terry+Tate+Office+Linebacker+commercial
195,1999,1990s,USA,Budweiser,Whassup?,DDB Chicago,Vinny Warren,Charles Stone III,Humour,Advertising,Film,A repeatable cultural line that became a social ritual and made the brand part of everyday language,https://www.youtube.com/results?search_query=Budweiser+Whassup+commercial
196,2000,2000s,USA,Volkswagen,Drivers Wanted,Arnold Worldwide,,,Brand Film / TVC,Advertising,Film,"A strong example of USA advertising craft, showing how a clear idea can make a brand memorable",https://www.youtube.com/results?search_query=Volkswagen+Drivers+Wanted+commercial
197,2000,2000s,UK,John West,Bear Fight,Leo Burnett,Neil Dawson,Daniel Kleinman,Humour,Advertising,Film,"A strong example of UK advertising craft, showing how a clear idea can make a brand memorable",https://www.youtube.com/results?search_query=John+West+Bear+Fight+commercial
198,2000,2000s,USA,BMW,The Hire,Fallon,David Lubars,Various,Brand Film / TVC,Advertising,Film,"A strong example of USA advertising craft, showing how a clear idea can make a brand memorable",https://www.youtube.com/results?search_query=BMW+The+Hire+commercial
199,2001,2000s,UK,Cadbury,Gorilla-era / Dairy Milk,Fallon,,,Humour,Advertising,Film,A product category ad that became famous by committing completely to an unexpected idea,https://www.youtube.com/results?search_query=Cadbury+Gorilla+era+Dairy+Milk+commercial
200,2001,2000s,USA,Honda,Hands,Wieden+Kennedy,,,Brand Film / TVC,Advertising,Film,"A strong example of USA advertising craft, showing how a clear idea can make a brand memorable",https://www.youtube.com/results?search_query=Honda+Hands+commercial
201,2001,2000s,USA,Nike,Move,Wieden+Kennedy,,,Sport,Advertising,Film,"A strong example of USA advertising craft, showing how a clear idea can make a brand memorable",https://www.youtube.com/results?search_query=Nike+Move+commercial
202,2002,2000s,UK,Sony,Balls,Fallon,,,Product Demo / Craft,Advertising,Film,"A strong example of UK advertising craft, showing how a clear idea can make a brand memorable",https://www.youtube.com/results?search_query=Sony+Balls+commercial
203,2002,2000s,USA,Apple,Switch,TBWA\Chiat\Day,,,Brand Film / TVC,Advertising,Film,"A strong example of USA advertising craft, showing how a clear idea can make a brand memorable",https://www.youtube.com/results?search_query=Apple+Switch+commercial
204,2002,2000s,USA,Budweiser,Clydesdales / Respect,DDB Chicago,,,Brand Film / TVC,Advertising,Film,"A strong example of USA advertising craft, showing how a clear idea can make a brand memorable",https://www.youtube.com/results?search_query=Budweiser+Clydesdales+Respect+commercial
205,2003,2000s,USA,Subaru,Baby Driver,Carmichael Lynch,,,Brand Film / TVC,Advertising,Film,"A strong example of USA advertising craft, showing how a clear idea can make a brand memorable",https://www.youtube.com/results?search_query=Subaru+Baby+Driver+commercial
206,2003,2000s,UK,Guinness,Surfer / reissues,AMV BBDO,,,Brand Film / TVC,Advertising,Film,"A strong example of UK advertising craft, showing how a clear idea can make a brand memorable",https://www.youtube.com/results?search_query=Guinness+Surfer+reissues+commercial
207,2003,2000s,USA,Dove,Campaign for Real Beauty,Ogilvy,Nancy Vonk,Tim Piper,Social / Purpose,Advertising,Film,"Shows how a brand can turn a social tension into a simple, highly shareable creative platform",https://www.youtube.com/results?search_query=Dove+Campaign+for+Real+Beauty+commercial
208,2004,2000s,USA,Budweiser,Real Men of Genius,DDB Chicago,Eric Silver,,Brand Film / TVC,Advertising,Film,"A strong example of USA advertising craft, showing how a clear idea can make a brand memorable",https://www.youtube.com/results?search_query=Budweiser+Real+Men+of+Genius+commercial
209,2004,2000s,USA,P&G,"Thank You, Mom",Various,,,Emotional,Advertising,Film,"A strong example of USA advertising craft, showing how a clear idea can make a brand memorable",https://www.youtube.com/results?search_query=P+G+Thank+You+Mom+commercial
210,2005,2000s,UK,Sony Bravia,Paint,Fallon,Ken Cockerill,Jonathan Glazer,Product Demo / Craft,Advertising,Film,"A strong example of UK advertising craft, showing how a clear idea can make a brand memorable",https://www.youtube.com/results?search_query=Sony+Bravia+Paint+commercial
211,2005,2000s,USA,Nike,Freestyle,Wieden+Kennedy,,,Sport,Advertising,Film,"A strong example of USA advertising craft, showing how a clear idea can make a brand memorable",https://www.youtube.com/results?search_query=Nike+Freestyle+commercial
212,2005,2000s,UK,Cadbury,Gorilla,Fallon,Richard Flintham,Juan Cabral,Humour,Advertising,Film,A product category ad that became famous by committing completely to an unexpected idea,https://www.youtube.com/results?search_query=Cadbury+Gorilla+commercial
213,2006,2000s,UK,Guinness,Surfer / Evolution,AMV BBDO,,,Brand Film / TVC,Advertising,Film,"A strong example of UK advertising craft, showing how a clear idea can make a brand memorable",https://www.youtube.com/results?search_query=Guinness+Surfer+Evolution+commercial
214,2006,2000s,USA,Dove,Evolution,Ogilvy,Nancy Vonk,Tim Piper,Social / Purpose,Advertising,Film,"A strong example of USA advertising craft, showing how a clear idea can make a brand memorable",https://www.youtube.com/results?search_query=Dove+Evolution+commercial
215,2006,2000s,USA,Nike,Write the Future,Wieden+Kennedy,,,Sport,Advertising,Film,"A strong example of USA advertising craft, showing how a clear idea can make a brand memorable",https://www.youtube.com/results?search_query=Nike+Write+the+Future+commercial
216,2006,2000s,UK,T-Mobile,Dance,Saatchi & Saatchi,,,Brand Film / TVC,Advertising,Film,"A strong example of UK advertising craft, showing how a clear idea can make a brand memorable",https://www.youtube.com/results?search_query=T+Mobile+Dance+commercial
217,2007,2000s,UK,Guinness,Tipping Point,Abbott Mead Vickers BBDO,,,Brand Film / TVC,Advertising,Film,"A strong example of UK advertising craft, showing how a clear idea can make a brand memorable",https://www.youtube.com/results?search_query=Guinness+Tipping+Point+commercial
218,2007,2000s,USA,Cadillac,Break Through,Leo Burnett,,,Brand Film / TVC,Advertising,Film,"A strong example of USA advertising craft, showing how a clear idea can make a brand memorable",https://www.youtube.com/results?search_query=Cadillac+Break+Through+commercial
219,2007,2000s,USA,Halo 3,Believe,Turbulence,N/A,Joseph Kosinski,Brand Film / TVC,Advertising,Film,"A strong example of USA advertising craft, showing how a clear idea can make a brand memorable",https://www.youtube.com/results?search_query=Halo+3+Believe+commercial
220,2008,2000s,UK,Compare the Market,Compare the Meerkat,VCCP,James Hilton,,Humour,Advertising,Film,"A strong example of UK advertising craft, showing how a clear idea can make a brand memorable",https://www.youtube.com/results?search_query=Compare+the+Market+Compare+the+Meerkat+commercial
221,2008,2000s,USA,Old Spice,Man Your Man Could Smell Like,Wieden+Kennedy,Craig Allen,Tom Kuntz,Brand Film / TVC,Advertising,Film,A character-led campaign built around a crystal-clear product benefit and relentless comedic escalation,https://www.youtube.com/results?search_query=Old+Spice+Man+Your+Man+Could+Smell+Like+commercial
222,2008,2000s,USA,Nike,Fate,Wieden+Kennedy,,,Sport,Advertising,Film,"A strong example of USA advertising craft, showing how a clear idea can make a brand memorable",https://www.youtube.com/results?search_query=Nike+Fate+commercial
223,2009,2000s,UK,T-Mobile,Life's for Sharing / Welcome Home,Saatchi & Saatchi,,,Emotional,Advertising,Film,"A strong example of UK advertising craft, showing how a clear idea can make a brand memorable",https://www.youtube.com/results?search_query=T+Mobile+Life+s+for+Sharing+Welcome+Home+commercial
224,2009,2000s,USA,Google,Parisian Love,Google Creative Lab,N/A,Mike Yaw,Emotional,Advertising,Film,"A strong example of USA advertising craft, showing how a clear idea can make a brand memorable",https://www.youtube.com/results?search_query=Google+Parisian+Love+commercial
225,2009,2000s,USA,Old Spice,Questions / later campaign,Wieden+Kennedy,Craig Allen,Tom Kuntz,Brand Film / TVC,Advertising,Film,"A strong example of USA advertising craft, showing how a clear idea can make a brand memorable",https://www.youtube.com/results?search_query=Old+Spice+Questions+later+campaign+commercial
226,2010,2010s,USA,Old Spice,The Man Your Man Could Smell Like,Wieden+Kennedy,Craig Allen,Tom Kuntz,Brand Film / TVC,Advertising,Film,A character-led campaign built around a crystal-clear product benefit and relentless comedic escalation,https://www.youtube.com/results?search_query=Old+Spice+The+Man+Your+Man+Could+Smell+Like+commercial
227,2010,2010s,USA,Volkswagen,The Force,Deutsch LA,Eric Baldwin,Lance Accord,Brand Film / TVC,Advertising,Film,"A strong example of USA advertising craft, showing how a clear idea can make a brand memorable",https://www.youtube.com/results?search_query=Volkswagen+The+Force+commercial
228,2010,2010s,USA,Chrysler,Imported from Detroit,Wieden+Kennedy,Jeff Goodby,Samuel Bayer,Brand Film / TVC,Advertising,Film,"A strong example of USA advertising craft, showing how a clear idea can make a brand memorable",https://www.youtube.com/results?search_query=Chrysler+Imported+from+Detroit+commercial
229,2010,2010s,UK,John Lewis,Always a Woman,Adam&EveDDB,,,Brand Film / TVC,Advertising,Film,"A strong example of UK advertising craft, showing how a clear idea can make a brand memorable",https://www.youtube.com/results?search_query=John+Lewis+Always+a+Woman+commercial
230,2010,2010s,Australia,Metro Trains,Dumb Ways to Die,McCann Melbourne,John Mescall,Julian Frost,Brand Film / TVC,Advertising,Film,A masterclass in making a public-safety message entertaining enough to become culture,https://www.youtube.com/results?search_query=Metro+Trains+Dumb+Ways+to+Die+commercial
231,2011,2010s,UK,John Lewis,The Long Wait,Adam&EveDDB,,,Brand Film / TVC,Advertising,Film,"A strong example of UK advertising craft, showing how a clear idea can make a brand memorable",https://www.youtube.com/results?search_query=John+Lewis+The+Long+Wait+commercial
232,2011,2010s,USA,Google,Dear Sophie,Google Creative Lab,,,Emotional,Advertising,Film,"A strong example of USA advertising craft, showing how a clear idea can make a brand memorable",https://www.youtube.com/results?search_query=Google+Dear+Sophie+commercial
233,2011,2010s,USA,Nike,Jogger,Wieden+Kennedy,,,Sport,Advertising,Film,"A strong example of USA advertising craft, showing how a clear idea can make a brand memorable",https://www.youtube.com/results?search_query=Nike+Jogger+commercial
234,2011,2010s,Australia,Old Spice,Muscle Music,Wieden+Kennedy,,,Brand Film / TVC,Advertising,Film,"A strong example of Australia advertising craft, showing how a clear idea can make a brand memorable",https://www.youtube.com/results?search_query=Old+Spice+Muscle+Music+commercial
235,2012,2010s,USA,Procter & Gamble,Best Job,Wieden+Kennedy,,,Brand Film / TVC,Advertising,Film,"A strong example of USA advertising craft, showing how a clear idea can make a brand memorable",https://www.youtube.com/results?search_query=Procter+Gamble+Best+Job+commercial
236,2012,2010s,USA,Dove,Real Beauty Sketches,Ogilvy Brazil,,John X Carey,Social / Purpose,Advertising,Film,"Shows how a brand can turn a social tension into a simple, highly shareable creative platform",https://www.youtube.com/results?search_query=Dove+Real+Beauty+Sketches+commercial
237,2012,2010s,UK,Three,Moonwalking Pony,Wieden+Kennedy,,,Humour,Advertising,Film,"A strong example of UK advertising craft, showing how a clear idea can make a brand memorable",https://www.youtube.com/results?search_query=Three+Moonwalking+Pony+commercial
238,2013,2010s,USA,Chipotle,The Scarecrow,Crispin Porter + Bogusky,,Johnny Kelly,Brand Film / TVC,Advertising,Film,"A strong example of USA advertising craft, showing how a clear idea can make a brand memorable",https://www.youtube.com/results?search_query=Chipotle+The+Scarecrow+commercial
239,2013,2010s,UK,Guinness,Made of More / Empty Chair,AMV BBDO,,,Brand Film / TVC,Advertising,Film,"A strong example of UK advertising craft, showing how a clear idea can make a brand memorable",https://www.youtube.com/results?search_query=Guinness+Made+of+More+Empty+Chair+commercial
240,2013,2010s,USA,Google,Chrome: Dear Sophie,Google Creative Lab,,,Emotional,Advertising,Film,"A strong example of USA advertising craft, showing how a clear idea can make a brand memorable",https://www.youtube.com/results?search_query=Google+Chrome+Dear+Sophie+commercial
241,2013,2010s,Australia,Melbourne Metro,Dumb Ways to Die,McCann Melbourne,John Mescall,Julian Frost,Brand Film / TVC,Advertising,Film,A masterclass in making a public-safety message entertaining enough to become culture,https://www.youtube.com/results?search_query=Melbourne+Metro+Dumb+Ways+to+Die+commercial
242,2014,2010s,USA,Always,Like a Girl,Leo Burnett Chicago,,Lauren Greenfield,Social / Purpose,Advertising,Film,"Shows how a brand can turn a social tension into a simple, highly shareable creative platform",https://www.youtube.com/results?search_query=Always+Like+a+Girl+commercial
243,2014,2010s,UK,Sainsbury's,Christmas 1914,Wieden+Kennedy,,,Festive,Advertising,Film,"A strong example of UK advertising craft, showing how a clear idea can make a brand memorable",https://www.youtube.com/results?search_query=Sainsbury+s+Christmas+1914+commercial
244,2014,2010s,USA,P&G,"Thank You, Mom / Pick Them Back Up",Wieden+Kennedy,,,Emotional,Advertising,Film,"A strong example of USA advertising craft, showing how a clear idea can make a brand memorable",https://www.youtube.com/results?search_query=P+G+Thank+You+Mom+Pick+Them+Back+Up+commercial
245,2014,2010s,USA,ALS Association,Ice Bucket Challenge,Digital/Social,,,Social / Purpose,Advertising,Film,"A strong example of USA advertising craft, showing how a clear idea can make a brand memorable",https://www.youtube.com/results?search_query=ALS+Association+Ice+Bucket+Challenge+commercial
246,2014,2010s,UK,John Lewis,Monty the Penguin,Adam&EveDDB,,,Brand Film / TVC,Advertising,Film,"A strong example of UK advertising craft, showing how a clear idea can make a brand memorable",https://www.youtube.com/results?search_query=John+Lewis+Monty+the+Penguin+commercial
247,2015,2010s,USA,Supercell,Clash of Clans / Revenge,Wieden+Kennedy,,,Brand Film / TVC,Advertising,Film,"A strong example of USA advertising craft, showing how a clear idea can make a brand memorable",https://www.youtube.com/results?search_query=Supercell+Clash+of+Clans+Revenge+commercial
248,2015,2010s,UK,Honda,Paper,RPA,Steve Weller,PES,Product Demo / Craft,Advertising,Film,"A strong example of UK advertising craft, showing how a clear idea can make a brand memorable",https://www.youtube.com/results?search_query=Honda+Paper+commercial
249,2015,2010s,USA,Always,Like a Girl / Unstoppable,Leo Burnett,,,Social / Purpose,Advertising,Film,"Shows how a brand can turn a social tension into a simple, highly shareable creative platform",https://www.youtube.com/results?search_query=Always+Like+a+Girl+Unstoppable+commercial
250,2015,2010s,USA,Google,Year in Search,Google Creative Lab,,,Brand Film / TVC,Advertising,Film,"A strong example of USA advertising craft, showing how a clear idea can make a brand memorable",https://www.youtube.com/results?search_query=Google+Year+in+Search+commercial
251,2016,2010s,USA,Budweiser,Born the Hard Way,David,N/A,N/A,Brand Film / TVC,Advertising,Film,"A strong example of USA advertising craft, showing how a clear idea can make a brand memorable",https://www.youtube.com/results?search_query=Budweiser+Born+the+Hard+Way+commercial
252,2016,2010s,UK,John Lewis,Buster the Boxer,Adam&EveDDB,,,Brand Film / TVC,Advertising,Film,"A strong example of UK advertising craft, showing how a clear idea can make a brand memorable",https://www.youtube.com/results?search_query=John+Lewis+Buster+the+Boxer+commercial
253,2016,2010s,USA,Coca-Cola,Brotherly Love,Ogilvy,,,Emotional,Advertising,Film,"A strong example of USA advertising craft, showing how a clear idea can make a brand memorable",https://www.youtube.com/results?search_query=Coca+Cola+Brotherly+Love+commercial
254,2016,2010s,Australia,Carlton & United Breweries,Meet Graham,Clemenger BBDO Melbourne,,,Brand Film / TVC,Advertising,Film,"A strong example of Australia advertising craft, showing how a clear idea can make a brand memorable",https://www.youtube.com/results?search_query=Carlton+United+Breweries+Meet+Graham+commercial
255,2016,2010s,UK,Channel 4,We're the Superhumans,4Creative,,Dougal Wilson,Brand Film / TVC,Advertising,Film,"A strong example of UK advertising craft, showing how a clear idea can make a brand memorable",https://www.youtube.com/results?search_query=Channel+4+We+re+the+Superhumans+commercial
256,2017,2010s,USA,Nike,Equality,Wieden+Kennedy,,Melina Matsoukas,Sport,Advertising,Film,"A strong example of USA advertising craft, showing how a clear idea can make a brand memorable",https://www.youtube.com/results?search_query=Nike+Equality+commercial
257,2017,2010s,UK,John Lewis,Moz the Monster,Adam&EveDDB,,Michel Gondry,Brand Film / TVC,Advertising,Film,"A strong example of UK advertising craft, showing how a clear idea can make a brand memorable",https://www.youtube.com/results?search_query=John+Lewis+Moz+the+Monster+commercial
258,2017,2010s,USA,Amazon,Alexa Loses Her Voice,Lucky Generals,Aaron Lampert,Wayne McClammy,Brand Film / TVC,Advertising,Film,"A strong example of USA advertising craft, showing how a clear idea can make a brand memorable",https://www.youtube.com/results?search_query=Amazon+Alexa+Loses+Her+Voice+commercial
259,2017,2010s,USA,FCK,We Are FCK,KFC UK,Mother,,Humour,Advertising,Film,"A strong example of USA advertising craft, showing how a clear idea can make a brand memorable",https://www.youtube.com/results?search_query=FCK+We+Are+FCK+commercial
260,2018,2010s,USA,Nike,Dream Crazy,Wieden+Kennedy,David Droga,,Sport,Advertising,Film,"A strong example of USA advertising craft, showing how a clear idea can make a brand memorable",https://www.youtube.com/results?search_query=Nike+Dream+Crazy+commercial
261,2018,2010s,USA,Burger King,Whopper Detour,FCB New York,,,Brand Film / TVC,Advertising,Film,"A strong example of USA advertising craft, showing how a clear idea can make a brand memorable",https://www.youtube.com/results?search_query=Burger+King+Whopper+Detour+commercial
262,2018,2010s,USA,P&G,The Talk,BBDO,,,Brand Film / TVC,Advertising,Film,"A strong example of USA advertising craft, showing how a clear idea can make a brand memorable",https://www.youtube.com/results?search_query=P+G+The+Talk+commercial
263,2018,2010s,UK,IKEA,The Troll,Mother London,,,Humour,Advertising,Film,"A strong example of UK advertising craft, showing how a clear idea can make a brand memorable",https://www.youtube.com/results?search_query=IKEA+The+Troll+commercial
264,2018,2010s,UK,John Lewis,Bohemian Rhapsody,Adam&EveDDB,,,Brand Film / TVC,Advertising,Film,"A strong example of UK advertising craft, showing how a clear idea can make a brand memorable",https://www.youtube.com/results?search_query=John+Lewis+Bohemian+Rhapsody+commercial
265,2018,2010s,USA,Coca-Cola,Share a Coke,Ogilvy,,,Brand Film / TVC,Advertising,Film,"A strong example of USA advertising craft, showing how a clear idea can make a brand memorable",https://www.youtube.com/results?search_query=Coca+Cola+Share+a+Coke+commercial
266,2019,2010s,USA,Nike,Dream Crazier,Wieden+Kennedy,Danielle Mitchell,Kim Gehrig,Sport,Advertising,Film,"A strong example of USA advertising craft, showing how a clear idea can make a brand memorable",https://www.youtube.com/results?search_query=Nike+Dream+Crazier+commercial
267,2019,2010s,USA,Gillette,The Best Men Can Be,Grey New York,,Kim Gehrig,Brand Film / TVC,Advertising,Film,"A strong example of USA advertising craft, showing how a clear idea can make a brand memorable",https://www.youtube.com/results?search_query=Gillette+The+Best+Men+Can+Be+commercial
268,2019,2010s,UK,Cadbury,There's a Glass and a Half in Everyone,VCCP,,,Brand Film / TVC,Advertising,Film,"A strong example of UK advertising craft, showing how a clear idea can make a brand memorable",https://www.youtube.com/results?search_query=Cadbury+There+s+a+Glass+and+a+Half+in+Everyone+commercial
269,2019,2010s,USA,Apple,Bounce,TBWA\Media Arts Lab,,,Brand Film / TVC,Advertising,Film,"A strong example of USA advertising craft, showing how a clear idea can make a brand memorable",https://www.youtube.com/results?search_query=Apple+Bounce+commercial
270,2019,2010s,USA,Microsoft,Changing the Game,McCann New York,,,Brand Film / TVC,Advertising,Film,"A strong example of USA advertising craft, showing how a clear idea can make a brand memorable",https://www.youtube.com/results?search_query=Microsoft+Changing+the+Game+commercial
271,2019,2010s,UK,John Lewis,Excitable Edgar,Adam&EveDDB,,,Brand Film / TVC,Advertising,Film,"A strong example of UK advertising craft, showing how a clear idea can make a brand memorable",https://www.youtube.com/results?search_query=John+Lewis+Excitable+Edgar+commercial
272,2020,2020s,USA,Nike,You Can't Stop Us,Wieden+Kennedy,,Daniel Kleinman,Sport,Advertising,Film,"A strong example of USA advertising craft, showing how a clear idea can make a brand memorable",https://www.youtube.com/results?search_query=Nike+You+Can+t+Stop+Us+commercial
273,2020,2020s,USA,P&G,The Pause,Wieden+Kennedy,,,Brand Film / TVC,Advertising,Film,"A strong example of USA advertising craft, showing how a clear idea can make a brand memorable",https://www.youtube.com/results?search_query=P+G+The+Pause+commercial
274,2020,2020s,USA,Coca-Cola,Open Like Never Before,WPP,,,Brand Film / TVC,Advertising,Film,"A strong example of USA advertising craft, showing how a clear idea can make a brand memorable",https://www.youtube.com/results?search_query=Coca+Cola+Open+Like+Never+Before+commercial
275,2020,2020s,UK,John Lewis,Give a Little Love,Adam&EveDDB,,,Emotional,Advertising,Film,"A strong example of UK advertising craft, showing how a clear idea can make a brand memorable",https://www.youtube.com/results?search_query=John+Lewis+Give+a+Little+Love+commercial
276,2020,2020s,UK,BBC,The Supporting Act,BBC Creative,,,Social / Purpose,Advertising,Film,"A strong example of UK advertising craft, showing how a clear idea can make a brand memorable",https://www.youtube.com/results?search_query=BBC+The+Supporting+Act+commercial
277,2020,2020s,USA,Google,Loretta,Google Creative Lab,,,Brand Film / TVC,Advertising,Film,"A strong example of USA advertising craft, showing how a clear idea can make a brand memorable",https://www.youtube.com/results?search_query=Google+Loretta+commercial
278,2021,2020s,USA,Google,Year in Search / The Most Searched,Google Creative Lab,,,Brand Film / TVC,Advertising,Film,"A strong example of USA advertising craft, showing how a clear idea can make a brand memorable",https://www.youtube.com/results?search_query=Google+Year+in+Search+The+Most+Searched+commercial
279,2021,2020s,USA,Dove,Reverse Selfie,Ogilvy,,,Social / Purpose,Advertising,Film,"A strong example of USA advertising craft, showing how a clear idea can make a brand memorable",https://www.youtube.com/results?search_query=Dove+Reverse+Selfie+commercial
280,2021,2020s,UK,John Lewis,Unexpected Guest,Adam&EveDDB,,,Brand Film / TVC,Advertising,Film,"A strong example of UK advertising craft, showing how a clear idea can make a brand memorable",https://www.youtube.com/results?search_query=John+Lewis+Unexpected+Guest+commercial
281,2021,2020s,USA,Squarespace,The Singularity,Anomaly,,,Brand Film / TVC,Advertising,Film,"A strong example of USA advertising craft, showing how a clear idea can make a brand memorable",https://www.youtube.com/results?search_query=Squarespace+The+Singularity+commercial
282,2021,2020s,USA,Coinbase,WAGMI / QR Code,Accenture Song,,,Brand Film / TVC,Advertising,Film,"A strong example of USA advertising craft, showing how a clear idea can make a brand memorable",https://www.youtube.com/results?search_query=Coinbase+WAGMI+QR+Code+commercial
283,2022,2020s,USA,Apple,The Greatest,TBWA\Media Arts Lab,,,Brand Film / TVC,Advertising,Film,"A strong example of USA advertising craft, showing how a clear idea can make a brand memorable",https://www.youtube.com/results?search_query=Apple+The+Greatest+commercial
284,2022,2020s,USA,Nike,Never Done Playing,Wieden+Kennedy,,,Sport,Advertising,Film,"A strong example of USA advertising craft, showing how a clear idea can make a brand memorable",https://www.youtube.com/results?search_query=Nike+Never+Done+Playing+commercial
285,2022,2020s,UK,John Lewis,The Beginner,Adam&EveDDB,,,Brand Film / TVC,Advertising,Film,"A strong example of UK advertising craft, showing how a clear idea can make a brand memorable",https://www.youtube.com/results?search_query=John+Lewis+The+Beginner+commercial
286,2022,2020s,USA,Heinz,Draw Ketchup,Rethink,,,Brand Film / TVC,Advertising,Film,"A strong example of USA advertising craft, showing how a clear idea can make a brand memorable",https://www.youtube.com/results?search_query=Heinz+Draw+Ketchup+commercial
287,2022,2020s,USA,CeraVe,Michael CeraVe,Ogilvy,Nick Kaplan,Dave Meyers,Humour,Advertising,Film,"A strong example of USA advertising craft, showing how a clear idea can make a brand memorable",https://www.youtube.com/results?search_query=CeraVe+Michael+CeraVe+commercial
288,2023,2020s,USA,Apple,Fuzzy Feelings,TBWA\Media Arts Lab,,,Brand Film / TVC,Advertising,Film,"A strong example of USA advertising craft, showing how a clear idea can make a brand memorable",https://www.youtube.com/results?search_query=Apple+Fuzzy+Feelings+commercial
289,2023,2020s,USA,Nike,What the Football,Wieden+Kennedy,,,Sport,Advertising,Film,"A strong example of USA advertising craft, showing how a clear idea can make a brand memorable",https://www.youtube.com/results?search_query=Nike+What+the+Football+commercial
290,2023,2020s,USA,Coca-Cola,Masterpiece,WPP,,,Brand Film / TVC,Advertising,Film,"A strong example of USA advertising craft, showing how a clear idea can make a brand memorable",https://www.youtube.com/results?search_query=Coca+Cola+Masterpiece+commercial
291,2023,2020s,UK,John Lewis,Snapper: The Perfect Tree,Saatchi & Saatchi,,,Brand Film / TVC,Advertising,Film,"A strong example of UK advertising craft, showing how a clear idea can make a brand memorable",https://www.youtube.com/results?search_query=John+Lewis+Snapper+The+Perfect+Tree+commercial
292,2023,2020s,USA,Dove,It's a Hardknock Life,Ogilvy,,,Social / Purpose,Advertising,Film,"A strong example of USA advertising craft, showing how a clear idea can make a brand memorable",https://www.youtube.com/results?search_query=Dove+It+s+a+Hardknock+Life+commercial
293,2024,2020s,USA,Apple,Crush!,TBWA\Media Arts Lab,,,Brand Film / TVC,Advertising,Film,"A strong example of USA advertising craft, showing how a clear idea can make a brand memorable",https://www.youtube.com/results?search_query=Apple+Crush+commercial
294,2024,2020s,USA,Dove,The Code,Ogilvy,,,Social / Purpose,Advertising,Film,"A strong example of USA advertising craft, showing how a clear idea can make a brand memorable",https://www.youtube.com/results?search_query=Dove+The+Code+commercial
295,2024,2020s,USA,CeraVe,Michael CeraVe / 2024,Ogilvy,,,Humour,Advertising,Film,"A strong example of USA advertising craft, showing how a clear idea can make a brand memorable",https://www.youtube.com/results?search_query=CeraVe+Michael+CeraVe+2024+commercial
296,2024,2020s,UK,John Lewis,The Gifting Hour,Saatchi & Saatchi,,,Brand Film / TVC,Advertising,Film,"A strong example of UK advertising craft, showing how a clear idea can make a brand memorable",https://www.youtube.com/results?search_query=John+Lewis+The+Gifting+Hour+commercial
297,2024,2020s,USA,Nike,Winning Isn't for Everyone,Wieden+Kennedy,,,Sport,Advertising,Film,"A strong example of USA advertising craft, showing how a clear idea can make a brand memorable",https://www.youtube.com/results?search_query=Nike+Winning+Isn+t+for+Everyone+commercial
298,1959,1950s,USA,Volkswagen,Think Small,DDB,Julian Koenig,,Brand Film / TVC,Advertising,Film,"A foundational lesson in simplicity, honesty and the power of a distinctive advertising voice",https://www.youtube.com/results?search_query=Volkswagen+Think+Small+commercial
299,1960,1960s,USA,Volkswagen,Lemon,DDB,Julian Koenig,,Brand Film / TVC,Advertising,Film,"A foundational lesson in simplicity, honesty and the power of a distinctive advertising voice",https://www.youtube.com/results?search_query=Volkswagen+Lemon+commercial
300,1962,1960s,USA,Polaroid,The Polaroid Swinger,DDB,,,Brand Film / TVC,Advertising,Film,"A strong example of USA advertising craft, showing how a clear idea can make a brand memorable",https://www.youtube.com/results?search_query=Polaroid+The+Polaroid+Swinger+commercial
301,1963,1960s,USA,Alka-Seltzer,Plop Plop Fizz Fizz,Doyle Dane Bernbach,,,Brand Film / TVC,Advertising,Film,"A strong example of USA advertising craft, showing how a clear idea can make a brand memorable",https://www.youtube.com/results?search_query=Alka+Seltzer+Plop+Plop+Fizz+Fizz+commercial
302,1964,1960s,USA,Johnson & Johnson,Daisy,Doyle Dane Bernbach,Bill Backer,Tony Schwartz,Brand Film / TVC,Advertising,Film,"A strong example of USA advertising craft, showing how a clear idea can make a brand memorable",https://www.youtube.com/results?search_query=Johnson+Johnson+Daisy+commercial
303,1964,1960s,USA,Pepsi,Come Alive! You're in the Pepsi Generation,BBDO,,,Brand Film / TVC,Advertising,Film,"A strong example of USA advertising craft, showing how a clear idea can make a brand memorable",https://www.youtube.com/results?search_query=Pepsi+Come+Alive+You+re+in+the+Pepsi+Generation+commercial
304,1965,1960s,USA,United Airlines,Take Me Along,Leo Burnett,,,Brand Film / TVC,Advertising,Film,"A strong example of USA advertising craft, showing how a clear idea can make a brand memorable",https://www.youtube.com/results?search_query=United+Airlines+Take+Me+Along+commercial
305,1966,1960s,UK,Cadbury,Flake,Ogilvy,,,Brand Film / TVC,Advertising,Film,"A strong example of UK advertising craft, showing how a clear idea can make a brand memorable",https://www.youtube.com/results?search_query=Cadbury+Flake+commercial
306,1967,1960s,USA,Coca-Cola,Hilltop,McCann Erickson,Bill Backer,Harvey Gabor,Brand Film / TVC,Advertising,Film,"A strong example of USA advertising craft, showing how a clear idea can make a brand memorable",https://www.youtube.com/results?search_query=Coca+Cola+Hilltop+commercial
307,1969,1960s,USA,Marlboro,The Marlboro Man,Leo Burnett,,,Brand Film / TVC,Advertising,Film,"A strong example of USA advertising craft, showing how a clear idea can make a brand memorable",https://www.youtube.com/results?search_query=Marlboro+The+Marlboro+Man+commercial
308,1970,1970s,USA,Coca-Cola,I'd Like to Buy the World a Coke,McCann Erickson,Bill Backer,Harvey Gabor,Brand Film / TVC,Advertising,Film,"A strong example of USA advertising craft, showing how a clear idea can make a brand memorable",https://www.youtube.com/results?search_query=Coca+Cola+I+d+Like+to+Buy+the+World+a+Coke+commercial
309,1972,1970s,USA,Kodak,The Family of Man,Ogilvy,,,Emotional,Advertising,Film,"A strong example of USA advertising craft, showing how a clear idea can make a brand memorable",https://www.youtube.com/results?search_query=Kodak+The+Family+of+Man+commercial
310,1972,1970s,UK,British Rail,This is the Age of the Train,Collett Dickenson Pearce,,,Brand Film / TVC,Advertising,Film,"A strong example of UK advertising craft, showing how a clear idea can make a brand memorable",https://www.youtube.com/results?search_query=British+Rail+This+is+the+Age+of+the+Train+commercial
311,1973,1970s,USA,Marlboro,Come to Where the Flavor Is,Leo Burnett,,,Brand Film / TVC,Advertising,Film,"A strong example of USA advertising craft, showing how a clear idea can make a brand memorable",https://www.youtube.com/results?search_query=Marlboro+Come+to+Where+the+Flavor+Is+commercial
312,1976,1970s,USA,National Lampoon,If You Don't Buy This Magazine,Needham Harper Steers,,,Brand Film / TVC,Advertising,Film,"A strong example of USA advertising craft, showing how a clear idea can make a brand memorable",https://www.youtube.com/results?search_query=National+Lampoon+If+You+Don+t+Buy+This+Magazine+commercial
313,1977,1970s,UK,Guinness,The Man with the Golden Arm,BBDO,,,Brand Film / TVC,Advertising,Film,"A strong example of UK advertising craft, showing how a clear idea can make a brand memorable",https://www.youtube.com/results?search_query=Guinness+The+Man+with+the+Golden+Arm+commercial
314,1978,1970s,USA,Coca-Cola,Mean Joe Greene,McCann Erickson,,,Brand Film / TVC,Advertising,Film,"A strong example of USA advertising craft, showing how a clear idea can make a brand memorable",https://www.youtube.com/results?search_query=Coca+Cola+Mean+Joe+Greene+commercial
315,1978,1970s,UK,British Airways,The Face,Saatchi & Saatchi,,,Brand Film / TVC,Advertising,Film,"A strong example of UK advertising craft, showing how a clear idea can make a brand memorable",https://www.youtube.com/results?search_query=British+Airways+The+Face+commercial
316,1980,1980s,UK,The Guardian,Points of View,Collett Dickenson Pearce,,Hugh Hudson,Brand Film / TVC,Advertising,Film,"A strong example of UK advertising craft, showing how a clear idea can make a brand memorable",https://www.youtube.com/results?search_query=The+Guardian+Points+of+View+commercial
317,1980,1980s,USA,Apple,The Mouse That Roared,Chiat\Day,,,Brand Film / TVC,Advertising,Film,"A strong example of USA advertising craft, showing how a clear idea can make a brand memorable",https://www.youtube.com/results?search_query=Apple+The+Mouse+That+Roared+commercial
318,1981,1980s,UK,The Economist,White on Red,David Abbott Associates,David Abbott,,Brand Film / TVC,Advertising,Film,"A strong example of UK advertising craft, showing how a clear idea can make a brand memorable",https://www.youtube.com/results?search_query=The+Economist+White+on+Red+commercial
319,1982,1980s,USA,AT&T,Reach Out and Touch Someone,N.W. Ayer,,,Brand Film / TVC,Advertising,Film,"A strong example of USA advertising craft, showing how a clear idea can make a brand memorable",https://www.youtube.com/results?search_query=AT+T+Reach+Out+and+Touch+Someone+commercial
320,1983,1980s,UK,Levi's,501 / Rivets,Bartle Bogle Hegarty,,,Brand Film / TVC,Advertising,Film,"A strong example of UK advertising craft, showing how a clear idea can make a brand memorable",https://www.youtube.com/results?search_query=Levi+s+501+Rivets+commercial
321,1985,1980s,UK,Guardian,Skinhead,Collett Dickenson Pearce,,,Brand Film / TVC,Advertising,Film,"A strong example of UK advertising craft, showing how a clear idea can make a brand memorable",https://www.youtube.com/results?search_query=Guardian+Skinhead+commercial
322,1985,1980s,USA,Apple,Lemmings,Chiat\Day,,,Brand Film / TVC,Advertising,Film,"A strong example of USA advertising craft, showing how a clear idea can make a brand memorable",https://www.youtube.com/results?search_query=Apple+Lemmings+commercial
323,1986,1980s,UK,British Telecom,It's Good to Talk,Saatchi & Saatchi,,,Brand Film / TVC,Advertising,Film,"A strong example of UK advertising craft, showing how a clear idea can make a brand memorable",https://www.youtube.com/results?search_query=British+Telecom+It+s+Good+to+Talk+commercial
324,1986,1980s,USA,Nike,Air Jordan / Mars Blackmon,Chiat\Day,Peter Moore,,Sport,Advertising,Film,"A strong example of USA advertising craft, showing how a clear idea can make a brand memorable",https://www.youtube.com/results?search_query=Nike+Air+Jordan+Mars+Blackmon+commercial
325,1987,1980s,UK,Yellow Pages,J.R. Hartley,AMV BBDO,,,Brand Film / TVC,Advertising,Film,"A strong example of UK advertising craft, showing how a clear idea can make a brand memorable",https://www.youtube.com/results?search_query=Yellow+Pages+J+R+Hartley+commercial
326,1987,1980s,USA,Pepsi,Michael Jackson,BBDO,,,Brand Film / TVC,Advertising,Film,"A strong example of USA advertising craft, showing how a clear idea can make a brand memorable",https://www.youtube.com/results?search_query=Pepsi+Michael+Jackson+commercial
327,1988,1980s,UK,British Airways,The Face / updated,Saatchi & Saatchi,,,Brand Film / TVC,Advertising,Film,"A strong example of UK advertising craft, showing how a clear idea can make a brand memorable",https://www.youtube.com/results?search_query=British+Airways+The+Face+updated+commercial
328,1988,1980s,USA,Nike,Mars Blackmon,Chiat\Day,Peter Moore,,Sport,Advertising,Film,"A strong example of USA advertising craft, showing how a clear idea can make a brand memorable",https://www.youtube.com/results?search_query=Nike+Mars+Blackmon+commercial
329,1990,1990s,UK,Bartle Bogle Hegarty,Levi's / Creek,BBH,,,Brand Film / TVC,Advertising,Film,"A strong example of UK advertising craft, showing how a clear idea can make a brand memorable",https://www.youtube.com/results?search_query=Bartle+Bogle+Hegarty+Levi+s+Creek+commercial
330,1991,1990s,USA,Apple,The Power to Be Your Best,Chiat\Day,,,Brand Film / TVC,Advertising,Film,"A strong example of USA advertising craft, showing how a clear idea can make a brand memorable",https://www.youtube.com/results?search_query=Apple+The+Power+to+Be+Your+Best+commercial
331,1992,1990s,UK,Nike,The Tag,Wieden+Kennedy,,,Sport,Advertising,Film,"A strong example of UK advertising craft, showing how a clear idea can make a brand memorable",https://www.youtube.com/results?search_query=Nike+The+Tag+commercial
332,1994,1990s,UK,Guinness,Anticipation,AMV BBDO,,,Brand Film / TVC,Advertising,Film,"A strong example of UK advertising craft, showing how a clear idea can make a brand memorable",https://www.youtube.com/results?search_query=Guinness+Anticipation+commercial
333,1995,1990s,USA,Gap,Khakis / Swing,Ogilvy,,,Brand Film / TVC,Advertising,Film,"A strong example of USA advertising craft, showing how a clear idea can make a brand memorable",https://www.youtube.com/results?search_query=Gap+Khakis+Swing+commercial
334,1997,1990s,UK,Guinness,Dancing Man,AMV BBDO,,,Brand Film / TVC,Advertising,Film,"A strong example of UK advertising craft, showing how a clear idea can make a brand memorable",https://www.youtube.com/results?search_query=Guinness+Dancing+Man+commercial
335,1998,1990s,USA,Nike,I Can,Wieden+Kennedy,,,Sport,Advertising,Film,"A strong example of USA advertising craft, showing how a clear idea can make a brand memorable",https://www.youtube.com/results?search_query=Nike+I+Can+commercial
336,2000,2000s,USA,BMW,The Hire: Ambush,Fallon,David Lubars,John Frankenheimer,Brand Film / TVC,Advertising,Film,"A strong example of USA advertising craft, showing how a clear idea can make a brand memorable",https://www.youtube.com/results?search_query=BMW+The+Hire+Ambush+commercial
337,2000,2000s,USA,BMW,The Hire: Star,Fallon,David Lubars,Guy Ritchie,Brand Film / TVC,Advertising,Film,"A strong example of USA advertising craft, showing how a clear idea can make a brand memorable",https://www.youtube.com/results?search_query=BMW+The+Hire+Star+commercial
338,2001,2000s,USA,BMW,The Hire: The Follow,Fallon,David Lubars,Wong Kar-wai,Brand Film / TVC,Advertising,Film,"A strong example of USA advertising craft, showing how a clear idea can make a brand memorable",https://www.youtube.com/results?search_query=BMW+The+Hire+The+Follow+commercial
339,2002,2000s,USA,BMW,The Hire: Powder Keg,Fallon,David Lubars,Alejandro González Iñárritu,Brand Film / TVC,Advertising,Film,"A strong example of USA advertising craft, showing how a clear idea can make a brand memorable",https://www.youtube.com/results?search_query=BMW+The+Hire+Powder+Keg+commercial
340,2003,2000s,USA,BMW,The Hire: Hostage,Fallon,David Lubars,John Woo,Brand Film / TVC,Advertising,Film,"A strong example of USA advertising craft, showing how a clear idea can make a brand memorable",https://www.youtube.com/results?search_query=BMW+The+Hire+Hostage+commercial
341,2004,2000s,USA,BMW,The Hire: Beat the Devil,Fallon,David Lubars,Tony Scott,Brand Film / TVC,Advertising,Film,"A strong example of USA advertising craft, showing how a clear idea can make a brand memorable",https://www.youtube.com/results?search_query=BMW+The+Hire+Beat+the+Devil+commercial
342,2006,2000s,UK,Sony Bravia,Play-Doh,Fallon,,Juan Cabral,Brand Film / TVC,Advertising,Film,"A strong example of UK advertising craft, showing how a clear idea can make a brand memorable",https://www.youtube.com/results?search_query=Sony+Bravia+Play+Doh+commercial
343,2007,2000s,UK,Sony Bravia,Bunnies,Fallon,,Psyop,Humour,Advertising,Film,"A strong example of UK advertising craft, showing how a clear idea can make a brand memorable",https://www.youtube.com/results?search_query=Sony+Bravia+Bunnies+commercial
344,2008,2000s,UK,Cadbury,Eyebrows,Fallon,,,Brand Film / TVC,Advertising,Film,"A strong example of UK advertising craft, showing how a clear idea can make a brand memorable",https://www.youtube.com/results?search_query=Cadbury+Eyebrows+commercial
345,2008,2000s,UK,Sony Bravia,Domino City,Fallon,,,Product Demo / Craft,Advertising,Film,"A strong example of UK advertising craft, showing how a clear idea can make a brand memorable",https://www.youtube.com/results?search_query=Sony+Bravia+Domino+City+commercial
346,2009,2000s,UK,Cadbury,Trucks,Fallon,,,Brand Film / TVC,Advertising,Film,"A strong example of UK advertising craft, showing how a clear idea can make a brand memorable",https://www.youtube.com/results?search_query=Cadbury+Trucks+commercial
347,2009,2000s,UK,Philips,Carousel,DDB & Tribal,Duncan McRae,Adam Berg,Product Demo / Craft,Advertising,Film,"A strong example of UK advertising craft, showing how a clear idea can make a brand memorable",https://www.youtube.com/results?search_query=Philips+Carousel+commercial
348,2010,2010s,UK,Old Spice,The Man Your Man Could Smell Like,Wieden+Kennedy,Craig Allen,Tom Kuntz,Brand Film / TVC,Advertising,Film,A character-led campaign built around a crystal-clear product benefit and relentless comedic escalation,https://www.youtube.com/results?search_query=Old+Spice+The+Man+Your+Man+Could+Smell+Like+commercial
349,2010,2010s,UK,Nike,Write the Future,Wieden+Kennedy,,Alejandro González Iñárritu,Sport,Advertising,Film,"A strong example of UK advertising craft, showing how a clear idea can make a brand memorable",https://www.youtube.com/results?search_query=Nike+Write+the+Future+commercial
350,2011,2010s,UK,Three,The Pony,Wieden+Kennedy,,,Humour,Advertising,Film,"A strong example of UK advertising craft, showing how a clear idea can make a brand memorable",https://www.youtube.com/results?search_query=Three+The+Pony+commercial
351,2012,2010s,UK,T-Mobile,Royal Wedding,Saatchi & Saatchi,,,Brand Film / TVC,Advertising,Film,"A strong example of UK advertising craft, showing how a clear idea can make a brand memorable",https://www.youtube.com/results?search_query=T+Mobile+Royal+Wedding+commercial
352,2012,2010s,UK,John Lewis,The Journey,Adam&EveDDB,,,Brand Film / TVC,Advertising,Film,"A strong example of UK advertising craft, showing how a clear idea can make a brand memorable",https://www.youtube.com/results?search_query=John+Lewis+The+Journey+commercial
353,2013,2010s,UK,P&G,Best Job,Wieden+Kennedy,,,Brand Film / TVC,Advertising,Film,"A strong example of UK advertising craft, showing how a clear idea can make a brand memorable",https://www.youtube.com/results?search_query=P+G+Best+Job+commercial
354,2013,2010s,UK,John Lewis,The Bear & The Hare,Adam&EveDDB,,Johnny Kelly,Brand Film / TVC,Advertising,Film,"A strong example of UK advertising craft, showing how a clear idea can make a brand memorable",https://www.youtube.com/results?search_query=John+Lewis+The+Bear+The+Hare+commercial
355,2015,2010s,UK,Sainsbury's,Mog's Christmas Calamity,AMV BBDO,,Tom Hooper,Festive,Advertising,Film,"A strong example of UK advertising craft, showing how a clear idea can make a brand memorable",https://www.youtube.com/results?search_query=Sainsbury+s+Mog+s+Christmas+Calamity+commercial
356,2015,2010s,UK,John Lewis,Man on the Moon,Adam&EveDDB,,,Brand Film / TVC,Advertising,Film,"A strong example of UK advertising craft, showing how a clear idea can make a brand memorable",https://www.youtube.com/results?search_query=John+Lewis+Man+on+the+Moon+commercial
357,2023,2020s,UK,John Lewis,Snapper,Saatchi & Saatchi,,,Brand Film / TVC,Advertising,Film,"A strong example of UK advertising craft, showing how a clear idea can make a brand memorable",https://www.youtube.com/results?search_query=John+Lewis+Snapper+commercial
358,1968,1960s,France,Orangina,Shake the Bottle,Publicis,,,Brand Film / TVC,Advertising,Film,"A strong example of France advertising craft, showing how a clear idea can make a brand memorable",https://www.youtube.com/results?search_query=Orangina+Shake+the+Bottle+commercial
359,1971,1970s,France,Evian,Roller Babies,BETC,,,Brand Film / TVC,Advertising,Film,"A strong example of France advertising craft, showing how a clear idea can make a brand memorable",https://www.youtube.com/results?search_query=Evian+Roller+Babies+commercial
360,1982,1980s,France,Peugeot,The Lion,RSCG,,,Brand Film / TVC,Advertising,Film,"A strong example of France advertising craft, showing how a clear idea can make a brand memorable",https://www.youtube.com/results?search_query=Peugeot+The+Lion+commercial
361,1987,1980s,France,Canal+,The Closet,BETC,,,Brand Film / TVC,Advertising,Film,"A strong example of France advertising craft, showing how a clear idea can make a brand memorable",https://www.youtube.com/results?search_query=Canal+The+Closet+commercial
362,1994,1990s,France,Evian,Water Boy,BETC,,,Brand Film / TVC,Advertising,Film,"A strong example of France advertising craft, showing how a clear idea can make a brand memorable",https://www.youtube.com/results?search_query=Evian+Water+Boy+commercial
363,1999,1990s,France,Canal+,The Bear,BETC,,,Brand Film / TVC,Advertising,Film,"A strong example of France advertising craft, showing how a clear idea can make a brand memorable",https://www.youtube.com/results?search_query=Canal+The+Bear+commercial
364,2002,2000s,France,Perrier,The Drop,Ogilvy Paris,,,Brand Film / TVC,Advertising,Film,"A strong example of France advertising craft, showing how a clear idea can make a brand memorable",https://www.youtube.com/results?search_query=Perrier+The+Drop+commercial
365,2003,2000s,France,Evian,Waterboy,BETC,,,Brand Film / TVC,Advertising,Film,"A strong example of France advertising craft, showing how a clear idea can make a brand memorable",https://www.youtube.com/results?search_query=Evian+Waterboy+commercial
366,2005,2000s,France,Axe,The Axe Effect,Lowe,,,Brand Film / TVC,Advertising,Film,"A strong example of France advertising craft, showing how a clear idea can make a brand memorable",https://www.youtube.com/results?search_query=Axe+The+Axe+Effect+commercial
367,2010,2010s,France,Perrier,The Secret Place,Ogilvy Paris,,,Brand Film / TVC,Advertising,Film,"A strong example of France advertising craft, showing how a clear idea can make a brand memorable",https://www.youtube.com/results?search_query=Perrier+The+Secret+Place+commercial
368,2014,2010s,France,Axe,Peace,Pereira O'Dell,,,Brand Film / TVC,Advertising,Film,"A strong example of France advertising craft, showing how a clear idea can make a brand memorable",https://www.youtube.com/results?search_query=Axe+Peace+commercial
369,2015,2010s,France,Lacoste,Timeless,BETC,,Seb Edwards,Brand Film / TVC,Advertising,Film,"A strong example of France advertising craft, showing how a clear idea can make a brand memorable",https://www.youtube.com/results?search_query=Lacoste+Timeless+commercial
370,2016,2010s,France,Canal+,The Binge,BETC,,,Brand Film / TVC,Advertising,Film,"A strong example of France advertising craft, showing how a clear idea can make a brand memorable",https://www.youtube.com/results?search_query=Canal+The+Binge+commercial
371,2017,2010s,France,Monoprix,The Monoprix Xmas Film,J. Walter Thompson Paris,,,Festive,Advertising,Film,"A strong example of France advertising craft, showing how a clear idea can make a brand memorable",https://www.youtube.com/results?search_query=Monoprix+The+Monoprix+Xmas+Film+commercial
372,2018,2010s,France,Lacoste,Crocodile Inside,BETC,,,Brand Film / TVC,Advertising,Film,"A strong example of France advertising craft, showing how a clear idea can make a brand memorable",https://www.youtube.com/results?search_query=Lacoste+Crocodile+Inside+commercial
373,2019,2010s,France,Orange,The Last Bastion,Publicis Conseil,,,Brand Film / TVC,Advertising,Film,"A strong example of France advertising craft, showing how a clear idea can make a brand memorable",https://www.youtube.com/results?search_query=Orange+The+Last+Bastion+commercial
374,2020,2020s,France,Intermarché,"L'amour, l'amour",Romance,,,Brand Film / TVC,Advertising,Film,"A strong example of France advertising craft, showing how a clear idea can make a brand memorable",https://www.youtube.com/results?search_query=Intermarch+L+amour+l+amour+commercial
375,2021,2020s,France,Lacoste,The Wedding,BETC,,,Brand Film / TVC,Advertising,Film,"A strong example of France advertising craft, showing how a clear idea can make a brand memorable",https://www.youtube.com/results?search_query=Lacoste+The+Wedding+commercial
376,2022,2020s,France,Intermarché,The Breakup,Romance,,,Brand Film / TVC,Advertising,Film,"A strong example of France advertising craft, showing how a clear idea can make a brand memorable",https://www.youtube.com/results?search_query=Intermarch+The+Breakup+commercial
377,2023,2020s,France,Canal+,The Mountain,BETC,,,Brand Film / TVC,Advertising,Film,"A strong example of France advertising craft, showing how a clear idea can make a brand memorable",https://www.youtube.com/results?search_query=Canal+The+Mountain+commercial
378,1969,1960s,Japan,Fujiya,Milky / Peko-chan,In-house,,,Brand Film / TVC,Advertising,Film,"A strong example of Japan advertising craft, showing how a clear idea can make a brand memorable",https://www.youtube.com/results?search_query=Fujiya+Milky+Peko+chan+commercial
379,1973,1970s,Japan,Shiseido,Summer Campaigns,Dentsu,,,Brand Film / TVC,Advertising,Film,"A strong example of Japan advertising craft, showing how a clear idea can make a brand memorable",https://www.youtube.com/results?search_query=Shiseido+Summer+Campaigns+commercial
380,1984,1980s,Japan,Nissin,Hungry? Cup Noodle,Dentsu,,,Brand Film / TVC,Advertising,Film,"A strong example of Japan advertising craft, showing how a clear idea can make a brand memorable",https://www.youtube.com/results?search_query=Nissin+Hungry+Cup+Noodle+commercial
381,1985,1980s,Japan,Shiseido,TSUBAKI-era advertising,Dentsu,,,Brand Film / TVC,Advertising,Film,"A strong example of Japan advertising craft, showing how a clear idea can make a brand memorable",https://www.youtube.com/results?search_query=Shiseido+TSUBAKI+era+advertising+commercial
382,1988,1980s,Japan,SoftBank,White Family,Hakuhodo,,,Emotional,Advertising,Film,"A strong example of Japan advertising craft, showing how a clear idea can make a brand memorable",https://www.youtube.com/results?search_query=SoftBank+White+Family+commercial
383,1990,1990s,Japan,Nissin,Hungry?,Dentsu,,,Brand Film / TVC,Advertising,Film,"A strong example of Japan advertising craft, showing how a clear idea can make a brand memorable",https://www.youtube.com/results?search_query=Nissin+Hungry+commercial
384,1995,1990s,Japan,SoftBank,White Family / later,Hakuhodo,,,Emotional,Advertising,Film,"A strong example of Japan advertising craft, showing how a clear idea can make a brand memorable",https://www.youtube.com/results?search_query=SoftBank+White+Family+later+commercial
385,2007,2000s,Japan,Kirin,FIFA / football campaigns,Dentsu,,,Sport,Advertising,Film,"A strong example of Japan advertising craft, showing how a clear idea can make a brand memorable",https://www.youtube.com/results?search_query=Kirin+FIFA+football+campaigns+commercial
386,2008,2000s,Japan,Nissin,Cup Noodle / Freedom,Dentsu,,,Brand Film / TVC,Advertising,Film,"A strong example of Japan advertising craft, showing how a clear idea can make a brand memorable",https://www.youtube.com/results?search_query=Nissin+Cup+Noodle+Freedom+commercial
387,2011,2010s,Japan,Toyota,Reborn,Dentsu,,,Brand Film / TVC,Advertising,Film,"A strong example of Japan advertising craft, showing how a clear idea can make a brand memorable",https://www.youtube.com/results?search_query=Toyota+Reborn+commercial
388,2012,2010s,Japan,Suntory,Boss,Dentsu,,,Brand Film / TVC,Advertising,Film,"A strong example of Japan advertising craft, showing how a clear idea can make a brand memorable",https://www.youtube.com/results?search_query=Suntory+Boss+commercial
389,2013,2010s,Japan,Google Japan,Reunion,Google Creative Lab Japan,,,Emotional,Advertising,Film,"A strong example of Japan advertising craft, showing how a clear idea can make a brand memorable",https://www.youtube.com/results?search_query=Google+Japan+Reunion+commercial
390,2014,2010s,Japan,Shiseido,High School Girl?,Watts of Tokyo,,,Social / Purpose,Advertising,Film,"A strong example of Japan advertising craft, showing how a clear idea can make a brand memorable",https://www.youtube.com/results?search_query=Shiseido+High+School+Girl+commercial
391,2015,2010s,Japan,Toyota,What Makes a Car a Car?,Dentsu,,,Brand Film / TVC,Advertising,Film,"A strong example of Japan advertising craft, showing how a clear idea can make a brand memorable",https://www.youtube.com/results?search_query=Toyota+What+Makes+a+Car+a+Car+commercial
392,2016,2010s,Japan,Pocky,The Pocky THE GIFT,Dentsu,,,Brand Film / TVC,Advertising,Film,"A strong example of Japan advertising craft, showing how a clear idea can make a brand memorable",https://www.youtube.com/results?search_query=Pocky+The+Pocky+THE+GIFT+commercial
393,2017,2010s,Japan,Shiseido,High School Girl? / later,Watts of Tokyo,,,Social / Purpose,Advertising,Film,"A strong example of Japan advertising craft, showing how a clear idea can make a brand memorable",https://www.youtube.com/results?search_query=Shiseido+High+School+Girl+later+commercial
394,2018,2010s,Japan,Google Japan,Hometown,Google,,,Emotional,Advertising,Film,"A strong example of Japan advertising craft, showing how a clear idea can make a brand memorable",https://www.youtube.com/results?search_query=Google+Japan+Hometown+commercial
395,2019,2010s,Japan,Toyota,Start Your Impossible,Dentsu,,,Brand Film / TVC,Advertising,Film,"A strong example of Japan advertising craft, showing how a clear idea can make a brand memorable",https://www.youtube.com/results?search_query=Toyota+Start+Your+Impossible+commercial
396,2020,2020s,Japan,Suntory,Boss / Craft Boss,Dentsu,,,Brand Film / TVC,Advertising,Film,"A strong example of Japan advertising craft, showing how a clear idea can make a brand memorable",https://www.youtube.com/results?search_query=Suntory+Boss+Craft+Boss+commercial
397,2022,2020s,Japan,Shiseido,The Power of Makeup,Watts of Tokyo,,,Brand Film / TVC,Advertising,Film,"A strong example of Japan advertising craft, showing how a clear idea can make a brand memorable",https://www.youtube.com/results?search_query=Shiseido+The+Power+of+Makeup+commercial
398,1965,1960s,Australia,Qantas,I Still Call Australia Home,Various,,,Emotional,Advertising,Film,"A strong example of Australia advertising craft, showing how a clear idea can make a brand memorable",https://www.youtube.com/results?search_query=Qantas+I+Still+Call+Australia+Home+commercial
399,1972,1970s,Australia,Milo,Energy,JWT Australia,,,Brand Film / TVC,Advertising,Film,"A strong example of Australia advertising craft, showing how a clear idea can make a brand memorable",https://www.youtube.com/results?search_query=Milo+Energy+commercial
400,1980,1980s,Australia,Mortein,Louie the Fly,JWT Australia,,,Brand Film / TVC,Advertising,Film,"A strong example of Australia advertising craft, showing how a clear idea can make a brand memorable",https://www.youtube.com/results?search_query=Mortein+Louie+the+Fly+commercial
401,1985,1980s,Australia,Yellow Pages,G-O-G-G-O,Singleton Ogilvy & Mather,,,Brand Film / TVC,Advertising,Film,"A strong example of Australia advertising craft, showing how a clear idea can make a brand memorable",https://www.youtube.com/results?search_query=Yellow+Pages+G+O+G+G+O+commercial
402,1993,1990s,Australia,Victoria Bitter,Hard Earned Thirst,George Patterson,,,Brand Film / TVC,Advertising,Film,"A strong example of Australia advertising craft, showing how a clear idea can make a brand memorable",https://www.youtube.com/results?search_query=Victoria+Bitter+Hard+Earned+Thirst+commercial
403,1999,1990s,Australia,Carlton & United Breweries,Big Ad / later,George Patterson,,,Brand Film / TVC,Advertising,Film,"A strong example of Australia advertising craft, showing how a clear idea can make a brand memorable",https://www.youtube.com/results?search_query=Carlton+United+Breweries+Big+Ad+later+commercial
404,2002,2000s,Australia,Carlton Draught,Big Ad,George Patterson Partners,,,Brand Film / TVC,Advertising,Film,"A strong example of Australia advertising craft, showing how a clear idea can make a brand memorable",https://www.youtube.com/results?search_query=Carlton+Draught+Big+Ad+commercial
405,2004,2000s,Australia,John West,Bear Fight,Leo Burnett,Neil Dawson,Daniel Kleinman,Humour,Advertising,Film,"A strong example of Australia advertising craft, showing how a clear idea can make a brand memorable",https://www.youtube.com/results?search_query=John+West+Bear+Fight+commercial
406,2005,2000s,Australia,Sony Bravia,Balls,Fallon,,Nicolai Fuglsig,Product Demo / Craft,Advertising,Film,"A strong example of Australia advertising craft, showing how a clear idea can make a brand memorable",https://www.youtube.com/results?search_query=Sony+Bravia+Balls+commercial
407,2007,2000s,Australia,Dove,Evolution,Ogilvy,,Tim Piper,Social / Purpose,Advertising,Film,"A strong example of Australia advertising craft, showing how a clear idea can make a brand memorable",https://www.youtube.com/results?search_query=Dove+Evolution+commercial
408,2008,2000s,Australia,Tropicana,The Tropicana Orange,Leo Burnett,,,Brand Film / TVC,Advertising,Film,"A strong example of Australia advertising craft, showing how a clear idea can make a brand memorable",https://www.youtube.com/results?search_query=Tropicana+The+Tropicana+Orange+commercial
409,2010,2010s,Australia,Compare the Market,Meerkats,VCCP,,,Humour,Advertising,Film,"A strong example of Australia advertising craft, showing how a clear idea can make a brand memorable",https://www.youtube.com/results?search_query=Compare+the+Market+Meerkats+commercial
410,2011,2010s,Australia,Clemenger BBDO,Meet Graham / early work,Clemenger BBDO,,,Brand Film / TVC,Advertising,Film,"A strong example of Australia advertising craft, showing how a clear idea can make a brand memorable",https://www.youtube.com/results?search_query=Clemenger+BBDO+Meet+Graham+early+work+commercial
411,2014,2010s,Australia,Clemenger BBDO,Meet Graham,Clemenger BBDO,,,Brand Film / TVC,Advertising,Film,"A strong example of Australia advertising craft, showing how a clear idea can make a brand memorable",https://www.youtube.com/results?search_query=Clemenger+BBDO+Meet+Graham+commercial
412,2015,2010s,Australia,SBS,The Most Important Game,The Monkeys,,,Brand Film / TVC,Advertising,Film,"A strong example of Australia advertising craft, showing how a clear idea can make a brand memorable",https://www.youtube.com/results?search_query=SBS+The+Most+Important+Game+commercial
413,2017,2010s,Australia,Snickers,You're Not You When You're Hungry,BBDO,,,Brand Film / TVC,Advertising,Film,"A strong example of Australia advertising craft, showing how a clear idea can make a brand memorable",https://www.youtube.com/results?search_query=Snickers+You+re+Not+You+When+You+re+Hungry+commercial
414,2018,2010s,Australia,Qantas,Feels Like Home,Publicis,,,Emotional,Advertising,Film,"A strong example of Australia advertising craft, showing how a clear idea can make a brand memorable",https://www.youtube.com/results?search_query=Qantas+Feels+Like+Home+commercial
415,2019,2010s,Australia,Clemenger BBDO,The Man Who Danced,Clemenger BBDO,,,Brand Film / TVC,Advertising,Film,"A strong example of Australia advertising craft, showing how a clear idea can make a brand memorable",https://www.youtube.com/results?search_query=Clemenger+BBDO+The+Man+Who+Danced+commercial
416,2020,2020s,Australia,Tourism Australia,Matesong,M&C Saatchi,,,Brand Film / TVC,Advertising,Film,"A strong example of Australia advertising craft, showing how a clear idea can make a brand memorable",https://www.youtube.com/results?search_query=Tourism+Australia+Matesong+commercial
417,2021,2020s,Australia,NRMA,You're Not Alone,The Monkeys,,,Brand Film / TVC,Advertising,Film,"A strong example of Australia advertising craft, showing how a clear idea can make a brand memorable",https://www.youtube.com/results?search_query=NRMA+You+re+Not+Alone+commercial
418,2022,2020s,Australia,Carlton & United Breweries,The Pub That Never Happened,Clemenger BBDO,,,Brand Film / TVC,Advertising,Film,"A strong example of Australia advertising craft, showing how a clear idea can make a brand memorable",https://www.youtube.com/results?search_query=Carlton+United+Breweries+The+Pub+That+Never+Happened+commercial
419,2024,2020s,Australia,NRMA,The Great Australian Drive,The Monkeys,,,Brand Film / TVC,Advertising,Film,"A strong example of Australia advertising craft, showing how a clear idea can make a brand memorable",https://www.youtube.com/results?search_query=NRMA+The+Great+Australian+Drive+commercial
420,2004,2000s,South Africa,Vodacom,Yebo Gogo,Net#work BBDO,,,Brand Film / TVC,Advertising,Film,"A strong example of South Africa advertising craft, showing how a clear idea can make a brand memorable",https://www.youtube.com/results?search_query=Vodacom+Yebo+Gogo+commercial
421,2006,2000s,South Africa,Nando's,Last Dictator,Lowe Bull,,,Brand Film / TVC,Advertising,Film,"A strong example of South Africa advertising craft, showing how a clear idea can make a brand memorable",https://www.youtube.com/results?search_query=Nando+s+Last+Dictator+commercial
422,2008,2000s,South Africa,Nando's,Nelson Mandela / Tribute,Lowe Bull,,,Brand Film / TVC,Advertising,Film,"A strong example of South Africa advertising craft, showing how a clear idea can make a brand memorable",https://www.youtube.com/results?search_query=Nando+s+Nelson+Mandela+Tribute+commercial
423,2010,2010s,South Africa,Nando's,Diversity,Lowe Bull,,,Brand Film / TVC,Advertising,Film,"A strong example of South Africa advertising craft, showing how a clear idea can make a brand memorable",https://www.youtube.com/results?search_query=Nando+s+Diversity+commercial
424,2012,2010s,South Africa,Nando's,Dictator,Lowe Bull,,,Brand Film / TVC,Advertising,Film,"A strong example of South Africa advertising craft, showing how a clear idea can make a brand memorable",https://www.youtube.com/results?search_query=Nando+s+Dictator+commercial
425,2014,2010s,South Africa,Nando's,You People,Lowe Bull,,,Brand Film / TVC,Advertising,Film,"A strong example of South Africa advertising craft, showing how a clear idea can make a brand memorable",https://www.youtube.com/results?search_query=Nando+s+You+People+commercial
426,2015,2010s,South Africa,Nando's,Mozambican Piri-Piri,Lowe Bull,,,Brand Film / TVC,Advertising,Film,"A strong example of South Africa advertising craft, showing how a clear idea can make a brand memorable",https://www.youtube.com/results?search_query=Nando+s+Mozambican+Piri+Piri+commercial
427,2016,2010s,South Africa,Nando's,Everyone's Welcome,Lowe Bull,,,Brand Film / TVC,Advertising,Film,"A strong example of South Africa advertising craft, showing how a clear idea can make a brand memorable",https://www.youtube.com/results?search_query=Nando+s+Everyone+s+Welcome+commercial
428,2017,2010s,South Africa,Nando's,The Last Dictator,Lowe Bull,,,Brand Film / TVC,Advertising,Film,"A strong example of South Africa advertising craft, showing how a clear idea can make a brand memorable",https://www.youtube.com/results?search_query=Nando+s+The+Last+Dictator+commercial
429,2018,2010s,South Africa,Nando's,Ramaphosa,M&C Saatchi Abel,,,Brand Film / TVC,Advertising,Film,"A strong example of South Africa advertising craft, showing how a clear idea can make a brand memorable",https://www.youtube.com/results?search_query=Nando+s+Ramaphosa+commercial
430,2020,2020s,South Africa,Nando's,You Can't Beat Our Meat,M&C Saatchi Abel,,,Brand Film / TVC,Advertising,Film,"A strong example of South Africa advertising craft, showing how a clear idea can make a brand memorable",https://www.youtube.com/results?search_query=Nando+s+You+Can+t+Beat+Our+Meat+commercial
431,2021,2020s,South Africa,Nando's,The Sauce,M&C Saatchi Abel,,,Brand Film / TVC,Advertising,Film,"A strong example of South Africa advertising craft, showing how a clear idea can make a brand memorable",https://www.youtube.com/results?search_query=Nando+s+The+Sauce+commercial
432,2022,2020s,South Africa,Nando's,Political ads,M&C Saatchi Abel,,,Brand Film / TVC,Advertising,Film,"A strong example of South Africa advertising craft, showing how a clear idea can make a brand memorable",https://www.youtube.com/results?search_query=Nando+s+Political+ads+commercial
433,2023,2020s,South Africa,Nando's,We're All in This Together,M&C Saatchi Abel,,,Brand Film / TVC,Advertising,Film,"A strong example of South Africa advertising craft, showing how a clear idea can make a brand memorable",https://www.youtube.com/results?search_query=Nando+s+We+re+All+in+This+Together+commercial
434,2006,2000s,New Zealand,Speight's,The Dance,DDB New Zealand,,,Brand Film / TVC,Advertising,Film,"A strong example of New Zealand advertising craft, showing how a clear idea can make a brand memorable",https://www.youtube.com/results?search_query=Speight+s+The+Dance+commercial
435,2007,2000s,New Zealand,Air New Zealand,Nothing to Hide,Clemenger BBDO,,,Brand Film / TVC,Advertising,Film,"A strong example of New Zealand advertising craft, showing how a clear idea can make a brand memorable",https://www.youtube.com/results?search_query=Air+New+Zealand+Nothing+to+Hide+commercial
436,2008,2000s,New Zealand,Yellow,Bugger,DDB New Zealand,,,Brand Film / TVC,Advertising,Film,"A strong example of New Zealand advertising craft, showing how a clear idea can make a brand memorable",https://www.youtube.com/results?search_query=Yellow+Bugger+commercial
437,2009,2000s,New Zealand,Air New Zealand,Bare Essentials,Clemenger BBDO,,,Brand Film / TVC,Advertising,Film,"A strong example of New Zealand advertising craft, showing how a clear idea can make a brand memorable",https://www.youtube.com/results?search_query=Air+New+Zealand+Bare+Essentials+commercial
438,2010,2010s,New Zealand,Dove,Evolution,Ogilvy,,,Social / Purpose,Advertising,Film,"A strong example of New Zealand advertising craft, showing how a clear idea can make a brand memorable",https://www.youtube.com/results?search_query=Dove+Evolution+commercial
439,2011,2010s,New Zealand,Speight's,The Great Migration,DDB New Zealand,,,Brand Film / TVC,Advertising,Film,"A strong example of New Zealand advertising craft, showing how a clear idea can make a brand memorable",https://www.youtube.com/results?search_query=Speight+s+The+Great+Migration+commercial
440,2012,2010s,New Zealand,Telecom,Backing Black,DDB New Zealand,,,Brand Film / TVC,Advertising,Film,"A strong example of New Zealand advertising craft, showing how a clear idea can make a brand memorable",https://www.youtube.com/results?search_query=Telecom+Backing+Black+commercial
441,2013,2010s,New Zealand,New Zealand Transport Agency,Legend,Clemenger BBDO,,,Social / Purpose,Advertising,Film,"A strong example of New Zealand advertising craft, showing how a clear idea can make a brand memorable",https://www.youtube.com/results?search_query=New+Zealand+Transport+Agency+Legend+commercial
442,2014,2010s,New Zealand,Air New Zealand,The Most Epic Safety Video,True,,,Social / Purpose,Advertising,Film,"A strong example of New Zealand advertising craft, showing how a clear idea can make a brand memorable",https://www.youtube.com/results?search_query=Air+New+Zealand+The+Most+Epic+Safety+Video+commercial
443,2015,2010s,New Zealand,NZ Transport Agency,Mistakes,Clemenger BBDO,,,Social / Purpose,Advertising,Film,"A strong example of New Zealand advertising craft, showing how a clear idea can make a brand memorable",https://www.youtube.com/results?search_query=NZ+Transport+Agency+Mistakes+commercial
444,2016,2010s,New Zealand,Air New Zealand,Safety in Hollywood,True,,,Social / Purpose,Advertising,Film,"A strong example of New Zealand advertising craft, showing how a clear idea can make a brand memorable",https://www.youtube.com/results?search_query=Air+New+Zealand+Safety+in+Hollywood+commercial
445,2017,2010s,New Zealand,Burger King,McWhopper,Y&R New Zealand,,,Brand Film / TVC,Advertising,Film,"A strong example of New Zealand advertising craft, showing how a clear idea can make a brand memorable",https://www.youtube.com/results?search_query=Burger+King+McWhopper+commercial
446,2018,2010s,New Zealand,NZ Transport Agency,Belt Up,Clemenger BBDO,,,Social / Purpose,Advertising,Film,"A strong example of New Zealand advertising craft, showing how a clear idea can make a brand memorable",https://www.youtube.com/results?search_query=NZ+Transport+Agency+Belt+Up+commercial
447,2019,2010s,New Zealand,Air New Zealand,Safety Old School Style,True,,,Social / Purpose,Advertising,Film,"A strong example of New Zealand advertising craft, showing how a clear idea can make a brand memorable",https://www.youtube.com/results?search_query=Air+New+Zealand+Safety+Old+School+Style+commercial
448,2020,2020s,New Zealand,NZ Transport Agency,Legend,Clemenger BBDO,,,Social / Purpose,Advertising,Film,"A strong example of New Zealand advertising craft, showing how a clear idea can make a brand memorable",https://www.youtube.com/results?search_query=NZ+Transport+Agency+Legend+commercial
449,2021,2020s,New Zealand,Air New Zealand,Safety videos,True,,,Social / Purpose,Advertising,Film,"A strong example of New Zealand advertising craft, showing how a clear idea can make a brand memorable",https://www.youtube.com/results?search_query=Air+New+Zealand+Safety+videos+commercial
450,2022,2020s,New Zealand,NZ Transport Agency,Drive Soak,Clemenger BBDO,,,Social / Purpose,Advertising,Film,"A strong example of New Zealand advertising craft, showing how a clear idea can make a brand memorable",https://www.youtube.com/results?search_query=NZ+Transport+Agency+Drive+Soak+commercial
451,2024,2020s,New Zealand,NZ Transport Agency,Road Safety campaigns,Clemenger BBDO,,,Social / Purpose,Advertising,Film,"A strong example of New Zealand advertising craft, showing how a clear idea can make a brand memorable",https://www.youtube.com/results?search_query=NZ+Transport+Agency+Road+Safety+campaigns+commercial
452,2010,2010s,Sweden,Volvo Trucks,Epic Split,Forsman & Bodenfors,,Andreas Nilsson,Product Demo / Craft,Advertising,Film,"A product demonstration transformed into a spectacular, instantly understandable film idea",https://www.youtube.com/results?search_query=Volvo+Trucks+Epic+Split+commercial
453,2011,2010s,Sweden,Volvo Trucks,The Hamster Stunt,Forsman & Bodenfors,,,Product Demo / Craft,Advertising,Film,"A strong example of Sweden advertising craft, showing how a clear idea can make a brand memorable",https://www.youtube.com/results?search_query=Volvo+Trucks+The+Hamster+Stunt+commercial
454,2012,2010s,Sweden,Volvo Trucks,The Ballerina Stunt,Forsman & Bodenfors,,,Product Demo / Craft,Advertising,Film,"A strong example of Sweden advertising craft, showing how a clear idea can make a brand memorable",https://www.youtube.com/results?search_query=Volvo+Trucks+The+Ballerina+Stunt+commercial
455,2014,2010s,Sweden,Volvo Trucks,The Epic Split,Forsman & Bodenfors,,Andreas Nilsson,Product Demo / Craft,Advertising,Film,"A product demonstration transformed into a spectacular, instantly understandable film idea",https://www.youtube.com/results?search_query=Volvo+Trucks+The+Epic+Split+commercial
456,2015,2010s,Sweden,Volvo Trucks,Look Who's Driving,Forsman & Bodenfors,,,Brand Film / TVC,Advertising,Film,"A strong example of Sweden advertising craft, showing how a clear idea can make a brand memorable",https://www.youtube.com/results?search_query=Volvo+Trucks+Look+Who+s+Driving+commercial
457,2016,2010s,Sweden,Volvo Trucks,The Technician,Forsman & Bodenfors,,,Brand Film / TVC,Advertising,Film,"A strong example of Sweden advertising craft, showing how a clear idea can make a brand memorable",https://www.youtube.com/results?search_query=Volvo+Trucks+The+Technician+commercial
458,2017,2010s,Sweden,Volvo Trucks,The Tower,Forsman & Bodenfors,,,Brand Film / TVC,Advertising,Film,"A strong example of Sweden advertising craft, showing how a clear idea can make a brand memorable",https://www.youtube.com/results?search_query=Volvo+Trucks+The+Tower+commercial
459,2018,2010s,Sweden,IKEA,The Wonderful Everyday,Forsman & Bodenfors,,,Brand Film / TVC,Advertising,Film,"A strong example of Sweden advertising craft, showing how a clear idea can make a brand memorable",https://www.youtube.com/results?search_query=IKEA+The+Wonderful+Everyday+commercial
460,2019,2010s,Sweden,IKEA,Make Room for Life,Forsman & Bodenfors,,,Brand Film / TVC,Advertising,Film,"A strong example of Sweden advertising craft, showing how a clear idea can make a brand memorable",https://www.youtube.com/results?search_query=IKEA+Make+Room+for+Life+commercial
461,2020,2020s,Sweden,IKEA,The Trash Collection,Forsman & Bodenfors,,,Brand Film / TVC,Advertising,Film,"A strong example of Sweden advertising craft, showing how a clear idea can make a brand memorable",https://www.youtube.com/results?search_query=IKEA+The+Trash+Collection+commercial
462,2021,2020s,Sweden,IKEA,Fortune Favors the Frugal,Forsman & Bodenfors,,,Brand Film / TVC,Advertising,Film,"A strong example of Sweden advertising craft, showing how a clear idea can make a brand memorable",https://www.youtube.com/results?search_query=IKEA+Fortune+Favors+the+Frugal+commercial
463,2022,2020s,Sweden,IKEA,The Troll,Mother London,,,Humour,Advertising,Film,"A strong example of Sweden advertising craft, showing how a clear idea can make a brand memorable",https://www.youtube.com/results?search_query=IKEA+The+Troll+commercial
464,2023,2020s,Sweden,Volvo,Safety campaigns,Forsman & Bodenfors,,,Social / Purpose,Advertising,Film,"A strong example of Sweden advertising craft, showing how a clear idea can make a brand memorable",https://www.youtube.com/results?search_query=Volvo+Safety+campaigns+commercial
465,2024,2020s,Sweden,IKEA,The Home of Possibility,Forsman & Bodenfors,,,Emotional,Advertising,Film,"A strong example of Sweden advertising craft, showing how a clear idea can make a brand memorable",https://www.youtube.com/results?search_query=IKEA+The+Home+of+Possibility+commercial
466,2010,2010s,Brazil,Dove,Real Beauty Sketches,Ogilvy Brazil,,John X Carey,Social / Purpose,Advertising,Film,"Shows how a brand can turn a social tension into a simple, highly shareable creative platform",https://www.youtube.com/results?search_query=Dove+Real+Beauty+Sketches+commercial
467,2011,2010s,Brazil,Coca-Cola,Happiness Machine,Ogilvy Brazil,,Joseph Kahn,Emotional,Advertising,Film,"A strong example of Brazil advertising craft, showing how a clear idea can make a brand memorable",https://www.youtube.com/results?search_query=Coca+Cola+Happiness+Machine+commercial
468,2012,2010s,Brazil,Johnnie Walker,Keep Walking,BBH London / Brazil,,,Brand Film / TVC,Advertising,Film,"A strong example of Brazil advertising craft, showing how a clear idea can make a brand memorable",https://www.youtube.com/results?search_query=Johnnie+Walker+Keep+Walking+commercial
469,2014,2010s,Brazil,Nivea,Protection Ad,FCB Brasil,,,Brand Film / TVC,Advertising,Film,"A strong example of Brazil advertising craft, showing how a clear idea can make a brand memorable",https://www.youtube.com/results?search_query=Nivea+Protection+Ad+commercial
470,2015,2010s,Brazil,Getty Images,From Love to Bingo,AlmapBBDO,,,Emotional,Advertising,Film,"A strong example of Brazil advertising craft, showing how a clear idea can make a brand memorable",https://www.youtube.com/results?search_query=Getty+Images+From+Love+to+Bingo+commercial
471,2016,2010s,Brazil,Budweiser,TagWords,Africa,,,Brand Film / TVC,Advertising,Film,"A strong example of Brazil advertising craft, showing how a clear idea can make a brand memorable",https://www.youtube.com/results?search_query=Budweiser+TagWords+commercial
472,2017,2010s,Brazil,Whiskas,Cats,AlmapBBDO,,,Brand Film / TVC,Advertising,Film,"A strong example of Brazil advertising craft, showing how a clear idea can make a brand memorable",https://www.youtube.com/results?search_query=Whiskas+Cats+commercial
473,2018,2010s,Brazil,Burger King,Burn That Ad,DAVID São Paulo,,,Brand Film / TVC,Advertising,Film,"A strong example of Brazil advertising craft, showing how a clear idea can make a brand memorable",https://www.youtube.com/results?search_query=Burger+King+Burn+That+Ad+commercial
474,2020,2020s,Brazil,Dove,Courage is Beautiful,Ogilvy Brazil,,,Social / Purpose,Advertising,Film,"A strong example of Brazil advertising craft, showing how a clear idea can make a brand memorable",https://www.youtube.com/results?search_query=Dove+Courage+is+Beautiful+commercial
475,2021,2020s,Brazil,Burger King,Moldy Whopper,DAVID São Paulo,,,Brand Film / TVC,Advertising,Film,"A strong example of Brazil advertising craft, showing how a clear idea can make a brand memorable",https://www.youtube.com/results?search_query=Burger+King+Moldy+Whopper+commercial
476,2022,2020s,Brazil,Heinz,It Has to Be Heinz,GUT São Paulo,,,Brand Film / TVC,Advertising,Film,"A strong example of Brazil advertising craft, showing how a clear idea can make a brand memorable",https://www.youtube.com/results?search_query=Heinz+It+Has+to+Be+Heinz+commercial
477,2023,2020s,Brazil,Coca-Cola,Masterpiece,WPP,,,Brand Film / TVC,Advertising,Film,"A strong example of Brazil advertising craft, showing how a clear idea can make a brand memorable",https://www.youtube.com/results?search_query=Coca+Cola+Masterpiece+commercial
478,2024,2020s,Brazil,Dove,The Code,Ogilvy,,,Social / Purpose,Advertising,Film,"A strong example of Brazil advertising craft, showing how a clear idea can make a brand memorable",https://www.youtube.com/results?search_query=Dove+The+Code+commercial
479,2008,2000s,Mexico,Coca-Cola,Happiness Factory,Wieden+Kennedy,,,Emotional,Advertising,Film,"A strong example of Mexico advertising craft, showing how a clear idea can make a brand memorable",https://www.youtube.com/results?search_query=Coca+Cola+Happiness+Factory+commercial
480,2010,2010s,Mexico,Coca-Cola,Security Cameras,Ogilvy,,,Brand Film / TVC,Advertising,Film,"A strong example of Mexico advertising craft, showing how a clear idea can make a brand memorable",https://www.youtube.com/results?search_query=Coca+Cola+Security+Cameras+commercial
481,2015,2010s,Mexico,Corona,Desert Songs,Anomaly,,,Brand Film / TVC,Advertising,Film,"A strong example of Mexico advertising craft, showing how a clear idea can make a brand memorable",https://www.youtube.com/results?search_query=Corona+Desert+Songs+commercial
482,2016,2010s,Mexico,Coca-Cola,Taste the Feeling,Mercado-McCann,,,Brand Film / TVC,Advertising,Film,"A strong example of Mexico advertising craft, showing how a clear idea can make a brand memorable",https://www.youtube.com/results?search_query=Coca+Cola+Taste+the+Feeling+commercial
483,2018,2010s,Mexico,Tecate,Boxing / Beer campaigns,Nobox,,,Brand Film / TVC,Advertising,Film,"A strong example of Mexico advertising craft, showing how a clear idea can make a brand memorable",https://www.youtube.com/results?search_query=Tecate+Boxing+Beer+campaigns+commercial
484,2019,2010s,Mexico,Cerveza Victoria,Día de Muertos,Grey Mexico,,,Brand Film / TVC,Advertising,Film,"A strong example of Mexico advertising craft, showing how a clear idea can make a brand memorable",https://www.youtube.com/results?search_query=Cerveza+Victoria+D+a+de+Muertos+commercial
485,2020,2020s,Mexico,Corona,América Latina campaigns,Anomaly,,,Brand Film / TVC,Advertising,Film,"A strong example of Mexico advertising craft, showing how a clear idea can make a brand memorable",https://www.youtube.com/results?search_query=Corona+Am+rica+Latina+campaigns+commercial
486,2021,2020s,Mexico,Coca-Cola,Real Magic,WPP,,,Brand Film / TVC,Advertising,Film,"A strong example of Mexico advertising craft, showing how a clear idea can make a brand memorable",https://www.youtube.com/results?search_query=Coca+Cola+Real+Magic+commercial
487,2022,2020s,Mexico,Corona,El Último Trago,Anomaly,,,Brand Film / TVC,Advertising,Film,"A strong example of Mexico advertising craft, showing how a clear idea can make a brand memorable",https://www.youtube.com/results?search_query=Corona+El+ltimo+Trago+commercial
488,2024,2020s,Mexico,Corona,Sunbrew / global work,Anomaly,,,Brand Film / TVC,Advertising,Film,"A strong example of Mexico advertising craft, showing how a clear idea can make a brand memorable",https://www.youtube.com/results?search_query=Corona+Sunbrew+global+work+commercial
489,2012,2010s,UAE,Emirates,Hello Tomorrow,Publicis Groupe,,,Brand Film / TVC,Advertising,Film,"A strong example of UAE advertising craft, showing how a clear idea can make a brand memorable",https://www.youtube.com/results?search_query=Emirates+Hello+Tomorrow+commercial
490,2014,2010s,UAE,Emirates,The Team That Couldn't Score,Publicis Groupe,,,Brand Film / TVC,Advertising,Film,"A strong example of UAE advertising craft, showing how a clear idea can make a brand memorable",https://www.youtube.com/results?search_query=Emirates+The+Team+That+Couldn+t+Score+commercial
491,2016,2010s,UAE,Emirates,The Game Changer,Publicis Groupe,,,Brand Film / TVC,Advertising,Film,"A strong example of UAE advertising craft, showing how a clear idea can make a brand memorable",https://www.youtube.com/results?search_query=Emirates+The+Game+Changer+commercial
492,2017,2010s,UAE,Emirates,We Are All in This Together,Publicis Groupe,,,Brand Film / TVC,Advertising,Film,"A strong example of UAE advertising craft, showing how a clear idea can make a brand memorable",https://www.youtube.com/results?search_query=Emirates+We+Are+All+in+This+Together+commercial
493,2018,2010s,UAE,Emirates,#HelloTomorrow,Publicis Groupe,,,Brand Film / TVC,Advertising,Film,"A strong example of UAE advertising craft, showing how a clear idea can make a brand memorable",https://www.youtube.com/results?search_query=Emirates+HelloTomorrow+commercial
494,2019,2010s,UAE,Emirates,Safety Video,Publicis Groupe,,,Social / Purpose,Advertising,Film,"A strong example of UAE advertising craft, showing how a clear idea can make a brand memorable",https://www.youtube.com/results?search_query=Emirates+Safety+Video+commercial
495,2020,2020s,UAE,Emirates,We Are Here,Publicis Groupe,,,Brand Film / TVC,Advertising,Film,"A strong example of UAE advertising craft, showing how a clear idea can make a brand memorable",https://www.youtube.com/results?search_query=Emirates+We+Are+Here+commercial
496,2022,2020s,UAE,Emirates,Dubai to the World,Publicis Groupe,,,Brand Film / TVC,Advertising,Film,"A strong example of UAE advertising craft, showing how a clear idea can make a brand memorable",https://www.youtube.com/results?search_query=Emirates+Dubai+to+the+World+commercial
497,2011,2010s,USA,Volkswagen,Think Blue / The Force era,Deutsch LA,,,Brand Film / TVC,Advertising,Film,"A strong example of USA advertising craft, showing how a clear idea can make a brand memorable",https://www.youtube.com/results?search_query=Volkswagen+Think+Blue+The+Force+era+commercial
498,2012,2010s,USA,Red Bull,Stratos,Ketchum,,,Brand Film / TVC,Advertising,Film,"A strong example of USA advertising craft, showing how a clear idea can make a brand memorable",https://www.youtube.com/results?search_query=Red+Bull+Stratos+commercial
499,2015,2010s,USA,Always,Unstoppable,Leo Burnett,,,Brand Film / TVC,Advertising,Film,"A strong example of USA advertising craft, showing how a clear idea can make a brand memorable",https://www.youtube.com/results?search_query=Always+Unstoppable+commercial
500,2016,2010s,USA,Apple,Frankie's Holiday,TBWA\Media Arts Lab,,,Brand Film / TVC,Advertising,Film,"A strong example of USA advertising craft, showing how a clear idea can make a brand memorable",https://www.youtube.com/results?search_query=Apple+Frankie+s+Holiday+commercial
